feat_0,feat_1,feat_2,feat_3,feat_4,feat_5,feat_6,feat_7,feat_8,feat_9,feat_10,feat_11
0.5651039698689464,3.3691047897461597,0.34646441507724035,-0.018852626907433424,1.3163378457395079,-2.655162527053944,-0.69193796142633,-0.25469511067015926,0.19216283665444686,-0.04158006615568548,0.11714182153536036,-0.8020315662538514
-4.876293865172743,-2.01855452346274,4.256268977326674,4.364815182200394,0.35564509155053103,-0.7777575978729612,0.7173500515966168,-0.8618571420711866,-1.9579049941895217,-0.7491171773966827,1.2279604453111697,0.41818550092653334
-3.972650658276891,0.8380925085200215,2.152908775341513,0.38849229002903196,0.8933116625866339,0.8121458521962801,-0.6410506760790078,-1.0894305487645861,0.6721245466433482,1.4710511940419475,2.0758130743725203,-1.1529191843844615
-2.3841657618257823,-0.1928680578248876,-0.32550475170713256,0.3374110104288777,0.23245191947288626,0.07306725338786892,-0.28652348471535305,-0.48846715929721335,-0.2665951045636996,0.04467356211338759,-0.1956103328383962,-0.09814699081908454
-3.1320302972772884,0.48344529307520734,-1.5649186352882392,-1.643346943883567,0.02462067507569137,-0.31703814217159504,-0.12761462926291403,-0.20760896955085306,0.15308477122298672,0.09754160361367038,-0.23900572160533246,-0.05791182902038881
-4.204852217383486,2.327726590993592,1.4835503001489647,1.8770260293959442,1.587835028738904,0.16081445493718388,1.9235803950829593,1.416265393978464,1.2664885488908124,0.785634871031149,-0.28466720194425016,0.5014090089719523
-1.9653005981857452,1.650186437661996,-0.041439519929697514,-1.390313037936476,-2.414060525095035,0.25578964066483056,0.39171005192914843,0.8223748455003033,-0.4801691991772004,-0.09668793701048396,-0.2520114087515102,-0.13411355741287465
3.506970710440049,-2.391858983604484,-1.0054877138301919,-0.4457836520128285,-0.4789732449038966,-1.0407763543675794,0.258687214819344,-0.14901743383395147,-0.29405747827777456,0.8223253482020771,0.2560719169489041,0.3503235556064456
-0.17381663071234763,-0.23471840606398917,0.7405525392201334,0.5964052286420438,-2.9346295304186927,0.15500637292292202,-0.4001594989167988,-0.14520760795307688,-0.8189086746766044,0.01388323888017639,-0.6888858473371393,-0.1234077562949657
-4.00879686190072,-0.4492871983934548,1.867083178639118,-1.7901824727163274,0.11596845910368866,0.3976042332768952,0.3947970746547746,0.8831142651288225,-0.48705118588455315,0.22482299895600882,0.9753665856012491,0.02058134470417449
7.655957544071646,-3.7936876819515466,0.17498079074440112,-1.4541385844959094,0.08204287354247594,-0.5814032313065992,1.25169078062584,-0.49539085604616817,-0.1664109833714524,0.33625527085109175,-0.8165619061690194,0.1720182128875089
4.016764218349591,0.4135377473494181,-2.181391519345385,2.274411978269852,0.23692137272053193,0.2266879683156831,-0.024040129585955954,0.1491190932289543,0.04822144950827388,-0.5127905156416754,-0.3258869094021369,-0.18729825673025335
4.556394712303958,-0.8449083234138379,-0.5986500997041834,-0.8102042802744324,0.2664837589050599,-1.352427275874276,-2.126670645440985,0.47240757569646674,-0.834986239366016,0.28561842499336887,0.0344593547831424,0.8192002618123473
-4.450245599111737,-3.0290450687073833,-0.12981511024698358,-0.6299138239728741,-1.459251719797186,1.288240796341097,0.0052511278161709455,0.38641553144890434,-0.07404931437720123,0.5451117465869277,0.39867625522806494,0.31361067780255325
-2.08368980021698,0.02614056545431449,-0.31983381095173824,-1.8348110760757432,-1.1227519487456543,-0.08605465156537215,0.40249705072441105,0.2983296840819546,-0.006347486805806958,-0.27122053709887456,-0.0132778638513695,-0.21017968777916737
0.695962217836864,0.8275625466639356,-2.5713547913926065,0.7484535736894379,-1.076984893495592,-0.9290154881044419,-0.378103280390834,-0.014200180034772053,-0.02906582367588952,-0.3839396691939073,-0.5339655990703774,-0.41555917062213
2.7898672757124547,0.5078559280569432,-0.5817698400775599,-0.42124506217923274,-0.37830040716311863,-1.2252233772273546,-0.9720088717797865,-0.06916451422868446,0.07895116699763849,-0.2603952657620718,-0.3059035333206222,-1.0078649576248253
-2.94628299640331,-2.6228058603911384,-0.024088690353031184,0.2501089678667539,-0.5057378081167876,0.81302022041096,-0.4929981669696478,0.03581765668801288,-0.5485718670038732,0.22800984860463303,-0.07071178276275875,0.49195662469160534
-1.9913637419303625,-0.21456251284027603,-0.6693530712898511,0.05497829045393802,-0.031212562573964986,-0.01197686448382133,0.03505930724584037,-0.398513558154699,-0.2268410031158604,-0.021212186866523527,-0.15359547315557429,0.09560721029312261
-4.565223086882946,-0.06147406342824948,1.260198513767187,-0.6648721304500487,2.0264046941135057,1.1712346522195736,0.3473077904748309,-0.047949877837555534,-0.5482451462969271,-0.0021039273295039695,0.9032377618127739,0.16139480278880258
-0.668756119014146,-2.412136278475846,-1.583058985742945,0.437521193956443,-0.4568652490842239,3.2171740536120463,-0.18771056347266118,1.1642637753389842,0.4878689486506986,0.19043935043628776,0.6277458927074062,0.23377574346763896
-2.4061827363903894,0.661811178717569,-1.7280943334638552,-1.7594415240170684,0.6950835888584947,-0.9646979704684819,-0.05236676667854569,0.01360180864750501,-0.13722312858777788,-0.23669164915726434,-0.5988715216479196,0.49936410993751773
-1.4189520281857722,1.5635900262080795,-0.8069908556820585,-0.7870745866459036,1.8186759288651586,-0.5192009957462853,-1.0337863441726858,0.001768793911459481,-0.23237944892199705,0.10070982626941537,-0.3524644060417169,0.35442418164418854
-4.8045614792228974,-2.206303693631376,-0.3421645282964809,-0.7083961154984821,-0.8829321423743711,-0.6616988967419077,0.17473267376320148,0.1205677212900341,-0.516121965302411,-0.1348105831629613,-0.48897388995134755,0.6457252792580339
-1.0992555860942526,-0.4052901624062565,-0.9321585916384062,-1.93735690495563,0.35976797019201456,-0.6335873599077166,-0.37424411616612113,-0.3016159034105997,-0.7610301392423123,0.22784025953254441,-0.4970676269217898,0.5607919035130525
2.3319859964555545,3.8306859942521005,-3.1435466175403683,-0.1318871363744705,0.905038943959788,-0.6097157451008347,0.4299668304039397,-0.26142341578465395,-0.29552119817031697,-0.21623127270657097,0.007642819922711704,0.23267422368100832
-4.138476918580865,-0.4405549824824579,1.166551565378199,3.114059590104701,-0.3315195349917649,0.028840499337805508,0.01189557941227239,-0.3611213899900389,0.4355540245275235,0.28148772464151234,-0.5857959524488916,-0.17531394504138806
-3.8533646337245595,-1.9061110728792996,0.5722102768020693,-0.7269122958494576,-0.2837690461730797,-0.023243539699021393,0.002666854524861591,0.5658328157855728,-0.18940465869158007,-0.06797415852047124,-0.28354655970370274,-0.11555432420872115
-3.5293440084009,1.740428862517024,-0.13452251745287794,-1.9293909763730364,0.6145350879542588,-0.8922176639244872,-0.12492446649285936,-0.5358215690593415,0.2167169821582554,-0.09206766751485047,-0.3900231936387303,-0.40971917896544596
-2.9293417235635553,-1.3994597831629003,1.2415657924379382,2.6576086009110957,0.09611785712131139,-0.40679425045593853,-0.8240976525165943,0.6860756204908105,0.45642689892104393,0.29517254306175406,-0.8618740746605954,-0.0924670805612517
-1.2109029047367454,-0.11170604765620719,-0.9288387831340913,-1.4161284345012226,0.5129589364944782,-0.25853543548400576,-1.205350762393616,0.07917668586580993,0.2986006058947455,-0.07976204189075158,0.18443351940724237,-0.4288537707719154
-0.47243711723819476,2.258585048311282,0.6565865094088982,0.2653284157535173,-0.016894444881078583,0.6588207654451578,-1.00095372958438,0.15509649131831865,0.11940543268641125,-0.5160864368281106,0.24329604817671363,-0.6213200815135272
1.4344381619201354,-2.466200029259831,2.816887598149101,-0.7812010970588994,-1.7056656140763866,1.1400839273046395,0.09521716579406155,0.3312866205176139,0.16264973353523632,0.3845187848246366,0.16346281792196232,-0.21862533200383558
7.409850784186467,1.8250741083973734,-0.17001272681315985,-2.527923150016082,2.4397674854499645,0.8245828825051094,1.1218712547316172,-1.5108750035497518,1.5672165119387917,1.4477132062656586,-0.25137129913895023,-1.5475775221491548
-1.988626084790497,1.4060174016561444,0.5374994892609668,-2.0111344347098847,0.5141092608023636,-1.9533724196205156,-1.0153681213456767,-0.7507993569652334,-0.6367311073876527,0.11021548122269426,-0.34058278624348937,-1.2793759768982556
-3.139472902023145,-2.0072547070145514,0.4114318208910144,1.7103068049734502,-0.04280654275890392,-0.23899996929072367,-0.24225912561157714,-0.14883689782503096,0.509874972429976,0.4826442985817863,-0.4293481593334166,-0.2864954919990318
-2.240721582211119,2.804966365293665,0.6449483426558273,-1.7512402862874903,3.539658363192139,2.2178688029960805,0.8521214754821762,-0.9851135535565244,0.7700979864521694,1.0605324866664856,-0.1635847396425057,0.23384376681275826
2.0546989880588225,2.2584433985531525,0.9642722312095265,-1.9181262257241434,0.2628798118471976,-0.1410641403995977,0.7067506312876846,-0.18660976395070125,-0.793992535118249,0.37890989742817,0.30731462438675977,-0.662740510103598
2.2343758476094107,4.266149699270411,1.728188943814373,-1.5255924494108273,-2.1403407716427805,1.301962010445174,-0.11953140835594121,-0.2585906047077458,0.14595722726664326,-0.4321599444895356,-0.48956871954779246,-0.5798606970047767
1.2636032624662132,1.9524106957086278,-0.4107550163201813,0.5174480890096361,-3.7272916177720443,0.3928434735577188,1.1752692623291978,0.878986184052601,0.06125115183475124,-0.8315981577899049,0.22924984358929174,-0.5369154302969112
-4.062285060885443,1.2236569308555112,-0.19712155819674615,-0.8157409256274682,0.5663351588111665,-0.9247659745412757,-0.3481759626487031,1.2635034932511517,0.5810521710130998,-0.5238461396188057,-0.12461475121340972,-0.07323299314126872
-1.9099651376958522,-0.8889798517281075,-0.11063735585329322,0.12965093217241253,0.5178996896006022,-0.3298454222023094,-0.5071319774969311,-0.5241007520706515,-0.4482661320900253,-0.34979664407650113,-0.12094541624272095,0.10905691622569405
-2.239894417653425,-0.8102326172911992,1.074630259130118,2.6924137525504355,-0.7870507909497422,-0.38162670972191254,-0.7664867243440975,0.5973796330815238,0.5208268547025003,0.31569626043397214,-0.4411589564077986,0.20719862361758498
10.970396734661096,-2.5039381414687294,0.6856932655287127,0.14534258962132016,-0.860126633703615,-2.3230755719741,0.7124360122335706,0.16352413522161802,-1.2645621296826282,1.1568695413331014,0.3729576415249901,-0.36166627330957946
-3.1700419765983083,-3.0093435050592547,0.1332030213277519,-0.9424968638862156,-0.3567058375053043,0.6833428631132532,-0.14714877564303674,0.03745126529518264,0.18264965859702514,0.14216541330128155,0.4313897243881868,-0.11789481356165243
-0.9190478778179233,2.3204075401604705,-2.0666860892983787,-1.0857671342199156,1.3552145897717245,-0.5633868965854455,-0.2601803457189905,-1.0726565633672298,-0.19670111237735532,-0.054996733890471404,-0.24957944704893248,0.15568584062428745
-2.9585217477038817,-0.6271054287410447,-0.4759171697532828,0.6579888204249634,-0.6245215773371501,-0.3408446071492599,0.5713060027397235,-0.30412034702712026,-0.5698091549833139,-0.3265943911063568,-0.13295113443616152,0.15518972741793977
2.478837885118894,-1.5747717785176742,1.262817216937449,1.8493231743222038,-1.3278249305408787,-0.9525044255869755,-0.8000584322476119,0.7807397794174553,-0.1862013986927688,-0.9643553273024947,0.38282712153762294,-0.7039841663719032
5.534299104632616,0.6996149064030671,-1.5639217484473669,1.746811626664543,-1.0118561733659437,-0.44281975443310534,1.592132631500251,0.8924987331805658,-0.13291131031995887,-0.17548970250053494,0.36623394004555976,-0.3942466858801675
0.5597891985457598,0.6029173727049205,0.06441027763491242,1.1118529724501476,-0.19284446864486343,-0.8354869160235389,-0.3129134518381373,-0.5568962060179851,-0.3143182275252195,0.23593400774964426,0.8517497585591319,-0.5955415207645558
-1.7492759789290369,-1.5334783661062972,1.5105555082389497,0.2539811756357036,-0.6107196600525033,1.6434472111588567,-0.09311070632442159,0.0445162701027804,0.2797832474605096,0.1705667287277715,-0.8596369146884465,0.025656550210843322
-0.5382577581395731,0.13408700783860647,-0.9799369252777993,0.5051833142402249,-0.27458280048945366,-0.719173258347587,-1.0170727018862997,-1.1779635415737986,-0.34333204326811434,0.012400463290136872,-0.03342176033273592,-0.2778864930883082
-1.2599301847240068,0.5380094223211452,-2.551205488449065,-1.1534413541103041,-0.03219983291974213,-0.024825978345836067,0.03928916974409295,-0.3879918005544856,-0.5992850913661762,0.33927255634557607,-0.24674484398086766,0.2669747968131032
9.01636254018922,-0.7781777555294885,1.304870937714973,-0.8134735268706836,-0.22894393130801052,-0.506899617529358,0.3504796847470616,-0.9783629700580092,0.44840446895965524,0.447577392638982,-1.2229455082884715,-0.27863765908544424
3.5106993016305257,-1.0670798164941333,2.894799450992917,-0.6817916162341419,0.1433760724482885,1.2959379160003937,0.2315478768031433,-0.04775284555338723,0.3150143930756067,-0.10071015493367405,-0.2244639058019979,-1.3397796055461126
6.625227271488048,12.121020376676341,7.210232544988246,-2.9444517976858298,-5.9405685970870055,-0.03716772017408733,-1.9604741860326245,-3.228114451476179,3.9042808054849285,-0.25736172963150333,1.2010125117499777,3.417548078256045
1.716430809027168,-2.4821614284988365,-1.6926542817214458,0.6075950957967267,0.27004085004686673,-0.23411328163343362,-0.6835994684393659,-0.06435281503464249,0.7801355711630231,-0.012686303484601215,0.02042253312682585,-0.015328392513918775
-3.297444669142939,0.055675345912115835,0.543907267987331,1.119669755594278,1.4421093966006935,0.18871898678804863,0.00837105970172433,-0.22614305006816424,-0.44850042475564067,-0.41984138169263546,-0.4723056806770085,0.5593840783825921
-1.8034709876503217,-0.8147772545338245,-1.0088153203310786,-0.9136654055160381,0.171103554720329,0.9073225775772022,-0.49677936757428787,-1.013237202245776,0.2523743541994423,0.6989862907850524,0.22480011994438315,-0.571517735977052
-0.6219971945475538,-2.1036858538527623,-1.053383410986291,1.1435614608040607,-0.477135878254639,-0.48294802244853224,-0.30419438187235937,-0.03842057045943121,0.47372570598165226,-0.1841722007000469,-0.2680836224169576,-0.049275202140308984
4.723366929308137,3.223223870452724,-1.6679758462540177,-1.8449834961972924,0.2588683063956299,2.531128068871685,-1.1282033181862967,0.09277934713513342,-0.3770038617359171,0.007637300154628597,-0.05326497227538422,-0.9716055263355261
7.191280121364709,-6.237086070290855,2.1696208795491767,2.3105602493883377,1.8679318379397785,-0.6707976949043701,2.668186674585018,0.13017373588171854,1.8978339989717945,-0.8280350195427484,-0.12805828210198447,0.8312417754805917
-1.875742488855622,-1.0977886982395841,0.6897023358376743,0.9493522968018309,0.13490037664594218,0.19278153135960097,-0.1493046862713568,-0.04018922044222721,-0.03724167714473399,0.061164968724920075,-0.5084107301491666,0.15111115771331501
-0.5354300965263258,1.2423696011970722,-0.9562573609555495,-0.36497418899590894,-0.5526789380420108,1.1738021475071185,0.10241192008027977,0.791287555228729,-0.010629528847910337,-0.27518794037465366,-0.6975969896342404,0.43864369301401007
-2.598158180807072,0.7380597966361288,-0.25853937528991655,2.4678088667939284,1.4671979374056459,0.2608436582516303,-0.09148426572808668,-0.09791397957400381,0.7527131630135052,0.06941415955273372,-0.40205268536148253,0.2406599450605023
-1.222016339416195,1.7113568085902564,2.232544259056975,0.906123678128743,-3.5644021605426817,0.49465030706265173,0.7544090107584994,0.9243791503682204,-0.6926349922373415,-0.33902447555181214,0.09926124774563004,-0.15800287551550588
5.103250291413526,-3.052033962937698,3.0502632692221883,-1.1373160064092982,0.4176252449206332,0.6021219432428253,-1.3400526909450046,0.27462660468967115,-0.21887961791079846,-1.002328591997721,-0.6090101869726363,-0.9204490656581106
-2.0278882205561066,-1.1290235435994884,0.3788177241863616,-0.9935836687002608,0.22323844464814452,0.12207583836561858,0.038201743686889104,0.38986585028151116,0.23631220251927673,0.03550375940756495,0.32626972143915584,-0.1030151731631771
-1.4330147699996378,-4.446846592464792,0.703265449821025,-1.974719625510418,-1.1221401645942706,-0.5327075422930142,0.40254983105092274,0.010145808142009126,-0.9827837141871949,-0.32828311760937023,0.5517015700924226,0.32518635004982693
-0.4910501584319133,7.13234001250854,3.275610011257238,-2.7566996718179335,-2.047047545342337,-1.8043703249562013,2.7761903288253134,2.088640418516452,0.6167759751554055,2.2928344653104236,-0.4185194060539602,-0.0682812652618091
-2.107981580480274,-1.8715711567125408,-0.8241532025255934,1.0745996942407545,-0.7006830527641353,1.1340819355857485,-0.16511002478295297,-0.22569221000179324,0.5578104016013853,0.16454828363814064,-0.1921625682514582,-0.24428059894626414
6.267382099333066,-0.9187583422861944,0.18991792676739136,0.9640222322509995,0.8770999679202935,0.10863810415950631,0.6004560880845848,-0.4648358413073493,0.46330633644627345,0.2949729527132753,0.21687368040320248,0.23220211665022686
11.326657842543714,-3.868433746206713,-0.7158416617647222,-2.342679297948012,1.0264352048404064,-0.3286372937546977,0.4365701517692616,0.7714267374235627,-1.10574082071382,0.289433594797458,0.755034106017514,0.6870109010350028
-0.6348031690737164,-1.491282657060054,-0.8755629123154067,-1.6172121262430785,-0.26157690718520826,0.1492238307441388,-0.6780122067383897,-0.40489341558400566,-0.40407088707118943,0.4229209912276297,0.2274635400216169,-0.30422430818591656
-2.332504266049475,2.1469865875121106,2.2733568335801344,1.0563907301960322,2.9844567817607497,-1.3386971977491529,-0.958013742721689,0.510437572304136,-0.4969421017370995,-0.6120699149633881,0.7454598388020667,0.08654500045930862
-1.3355467961445209,0.33098638985193524,2.826501593745773,0.36552195608810656,-1.6288583605778495,0.9748534078263698,0.7741714831398845,0.202221803415765,-0.22890603008346866,-0.21382666466736167,0.12205104645817991,0.20998767976377858
9.088334709209363,0.31630200837884653,-2.4835757327112256,1.2211548864311297,-0.2117984512931976,0.7106690289693621,1.0475061961325995,0.10309619214770742,-0.6191944358391127,1.6721965701689627,-0.3330779661938059,-0.4658972243557552
9.613346056817143,1.6888109823804527,-1.2804975913279386,-3.3723484466471665,1.7955725968620961,0.9259275725742024,2.5192093176713053,-0.383219528441185,0.009421591724206296,-0.9465746055328983,0.3951708490279236,-0.27742337805258077
-3.51709135103741,-1.0986494132238258,1.0042355047302964,-1.8796741000756179,0.425301710228138,0.4393089990646403,-0.33890544388945876,0.29057386466601137,-0.3384297254139612,-0.44613672033494123,-0.603964206655139,0.051823942252253404
8.125472516984605,-3.2779964231647214,2.030369734720274,-1.1771018014042922,-0.24776059008865123,-0.24567507990782475,2.052506826252922,0.2183094978331836,0.023733336997928678,-0.9495178308608906,0.12588982862544013,-0.020681149314552647
3.3747526270398533,-2.2734957872128607,-0.06431041158182146,4.157704638908228,-0.5031087723203502,-0.3507422154483538,-0.3678710842204956,0.21756490218928495,0.7483646244446971,1.1715668092238571,-2.1487547802411546,-0.22588765952145942
-3.2468997288120445,1.3009686133280534,-0.40376602532211325,-0.11116020423894833,0.03434637646678534,-1.310780604995683,0.9580640920735302,0.32810808223671933,-0.5583882263840301,-0.6946931086266667,-0.18724967538178086,-0.009897027170201978
0.6217454679253915,0.38966038170468803,-2.4681161636382978,1.2485490190396802,-0.30016197460365157,-0.9707719753473418,-0.09064831944448384,-0.23701631846240565,-0.2171788070494011,-0.30059605447952403,0.024120703803386847,0.18957758456484478
-3.406165956620634,-2.52634047013377,0.07673889433225427,0.1531896389988673,-0.6142491220160747,0.39844898240453663,0.09244436471516955,-0.4997252801566167,0.036377082535043015,0.011108908948753526,0.2974971683144701,0.2230974187258611
-3.2221540751948403,-0.8139956150751192,-0.15137739591668883,-1.0413971319513684,0.5130465742847288,-0.5562843103301344,-0.8980834894976152,0.13114151098592056,-0.1842728446540527,-0.036591928957213395,-0.3701867097459669,0.43913353222486434
7.793059978403932,-5.388011059730172,0.7374610660126875,-0.7012909255725961,1.0851730917163,-1.491186258170032,0.5767467935314308,0.2600946837168722,0.7727553359889074,0.2086400996783888,0.032915382233970586,1.08080089807728
-1.5651347787447263,-1.157583458172666,-0.015702522802371558,1.3445224412789987,-0.3676317196493662,0.67454253038021,-0.7695389494091075,-0.7302630887648763,0.14628878376731858,0.15442629309847786,-0.1537065286469788,-0.3616106184105263
-1.9994193053198899,-2.387202100857178,-1.6302492104185862,-1.7252278389574194,-1.8046162967950858,-0.4815736203301411,-0.15298710488399625,0.397357186473785,-0.31589584910392615,-0.39997424537056514,0.4223968089807193,0.14116437750013477
-2.0349239516832225,1.8627129679070085,-2.189819602825808,-0.500142231138849,-1.3858772997279072,-0.23652673729548188,1.1630172675353183,-0.33666486891855035,0.024916693801967857,0.2593245731592897,-0.1342143133714873,-0.21881174636904216
-4.312989521113157,-0.6677491385596743,-0.5367787711309959,-0.5089229439294972,0.27150050562575107,0.6305500950436835,0.6831013377038576,-0.0865118727266909,0.33041539995924524,0.19356839825401936,0.4206759367335133,0.0821592866188533
-2.6073712791705765,-1.4249551129258764,-1.8553360566352297,-0.7329233436531274,-0.46881045794020976,-0.056967290494308855,0.39518578232498996,-0.14557665770568154,0.13377102135015065,0.2677626733896405,-0.21142919338889185,0.2778878024562447
-3.075002748567227,-0.6854687220282386,-0.9654614004929436,-0.6119085686816966,-0.3818198054793273,-0.04504258406790142,0.6580525965826528,-0.023721028181952507,0.1387627329835613,-0.15320743841809542,0.13285349072006453,-0.12398775879590469
-2.560727306269213,3.2219762888223413,-2.139550823223604,-0.572430687244694,0.2947036569638553,-1.7006370798065158,0.31962460574987145,-0.12612805578479763,0.4044935237726713,-0.6781561136993726,-0.9889497595992914,0.3828401945356173
-2.799815271826645,-0.3132327409457251,-0.5862855592081904,-0.7070133589587122,0.01219940515954987,-0.6544063338549974,-0.7083052889070431,-0.19708154739125677,0.01159413385154445,-0.5060457299713206,-0.8468525540841254,0.0902555955240107
2.638210072156322,3.3079213975801687,-2.2254745989947775,1.5105514328021075,-0.420385853105253,-0.6630282814375477,0.11648076349238146,-0.27526332696835726,0.2764366013703318,0.049182589549612285,-0.11715768443956341,-0.5184440675261072
5.929664609026288,-1.1872011060902588,-0.38773823886659486,-0.9841939395630757,0.4235816373701323,0.2710870391057349,-0.4865011617645914,0.08276307453914003,0.07382563909634336,0.2863054942894798,-0.49623259192767477,-0.37572153291221455
6.089231180788219,4.983750071207519,0.27039439137552873,-0.9827147529395094,1.0119221581173046,1.7382608682896175,-1.6223273939090017,0.3663051429216445,-1.3665666946873742,0.10091851773252229,-0.7555157865479071,0.9669497850673748
3.989284668482163,2.7718094125897395,-2.5013573440221992,2.946391693472249,0.012868088158042192,0.5889040038210537,0.6049950148207346,0.14044342084380873,0.6676436392414442,0.31829419871049314,-0.10491771622924008,-0.13250753368899135
-4.688067680091595,-0.3759582750521626,0.19075471209129494,1.3211321579529554,-0.18882418210884622,-0.034544545305989015,0.8884005815418964,-0.40711131612951124,0.32353340521086776,0.37557717682474967,-0.1611689216945069,0.1890907182174021
-2.301972704719618,-0.039100436596864484,1.5607771883526318,-1.9594103530423104,0.9989016533207258,1.66385311168741,-0.2170726654159102,-0.38082322909485444,0.8399441371264442,-0.35990437194333674,-0.018436478170637934,-1.2526187514026421
5.239208115976847,-4.194712330784277,0.1432965890938952,-0.08882080541263317,0.293151155950281,-1.265495898639138,-0.03895632048345257,0.37163031939871444,0.6491900987543773,-1.1328140645933789,0.11241587637065661,0.05471307944013688
-2.326746436133173,3.309700901084028,2.602379618723512,-1.1145869151704566,0.7423645288567406,2.651792317244785,0.25747727181694896,-0.4655960675760634,-0.15110614000127465,0.06830083605410214,1.0645593137169795,-0.6487934505620438
-2.552348184511306,-2.4423101968239536,0.6679550325884961,1.7320810498747847,-1.1974367452946706,0.7418515357264289,-0.2672891800383661,0.47615563888363566,0.6703442463965119,0.9169462746993544,-0.45831271480366853,-0.2028879333278031
-3.3363116961898602,-2.3445221674377574,0.07210361465141388,-1.0809562937471116,-1.54726427638885,1.371896532227411,0.20674528216831298,0.23969738848762237,0.16382942623745056,0.2240859608628465,0.11080362323187716,-0.017658737515785287
-0.5365368886941893,1.7893930466865196,1.3707086508431026,0.005361420494958968,1.7826220027140467,0.36468057065899717,-0.027191975857950364,-0.2518412459958573,0.026174159833983066,-0.24998020742502533,-0.45132257210184173,0.2667992545166431
3.1599041419993736,3.8915681026541407,-2.9931525333972675,-0.49406312409292497,0.15958767359117584,-2.3233561060266488,0.5777783818872918,-1.113577387689534,-0.2749018115206712,-0.10937631947575617,-0.13218847117025576,1.0049627186058974
9.02262986180134,-3.6567824420996518,0.2231351313428418,-1.397118408519561,0.40386959594836114,-0.20440511477305853,1.488488032110556,0.2146618368179529,-0.3368856987821923,1.0289162227090993,0.0006339597006527871,0.46390015383119937
1.0444503249297559,-2.2174108066156846,0.7532327177927371,-0.3533354284348957,2.2798977086416516,4.511547336698841,-1.2947523233531284,1.0193695782510324,0.03414646359604727,-0.36235603319377274,0.21685520157098098,1.15413466807433
-3.50626088843179,-0.5644428311853512,0.48411394690362075,-0.12390958236598466,-0.00968139339055469,-0.4418374216484851,-0.7302144799055261,0.6782640789784439,0.40090564325548617,-0.452740549395309,-0.3469352952967452,-0.06317495004756549
6.213331542174823,1.879736441676538,-3.068698482916386,0.5348977738511206,-0.33061113110126633,-1.4370430107151475,-0.30188668595108004,-0.15801960631418246,-0.6561291180339968,0.8658304019746603,0.2824947123746317,0.7588830836731014
3.5506930608285954,0.883835911619369,-2.5065162128731555,5.304780347773715,0.04404567292602284,-0.810645236678206,-0.2587453817533271,-0.14963554691733022,0.5954980909422618,0.7345676411254124,-0.3978120494235018,-0.22295530678981318
4.775010134213802,2.809625414492009,0.14300973495717126,0.5686314976563106,-0.9636766026062769,-1.260333478816838,0.8749462008803108,0.09819626845160936,0.09232605282573951,-0.624073931417761,-0.3946860108978409,-1.217270440703153
3.0748828620543125,2.471566470074153,6.93842444395589,-1.0323898659840098,-1.7396155699188265,-4.963871319554983,-3.7599212895186453,4.005007748660279,0.7972751409360863,1.00113178855754,0.12538047766649663,-1.0828457605129005
-1.7852700905303736,0.7904996159190991,-1.9414894362855624,1.1154375728132369,0.2910074673392895,-0.14755679316587111,0.2809204091714909,-0.2062064849928286,0.4805386885734475,-0.07543947324225006,-0.2193256786260198,0.11554734118160308
-4.203416135544478,0.2659774061538026,-0.5710354754042755,-0.4268468535145912,0.5925751789030363,-0.08975870374604746,0.2036211239201436,-0.41663723631891725,0.7061006296632633,0.4008227815617799,0.02001707513898167,0.011403571707205282
-2.8780465663144676,0.02658170216901973,-1.204153927599115,-1.5867405356528612,-0.5672090945324622,-0.22091101372876568,0.6513707597061519,0.4138118287772366,-0.012702412872140805,-0.12152470152361798,0.33622165803011866,0.18231617043769077
0.08512465926061633,-3.3656940602044907,0.3346262078518711,-0.7105432606395471,-0.27587424177516334,-0.34074195587426714,-1.8401210520917235,0.7530127167282326,-0.18700252326756067,0.31692000176250285,0.010469212555136564,0.25225058726681054
-2.049664060643441,0.3436833127396985,-0.18063430144994128,-1.1874068071480472,-1.9452732627674225,0.8712686871641937,0.3735465747509283,-0.12769964434847633,-0.09364242191768869,-0.37930680721215393,0.19168811909108277,-0.05275094370895373
-3.3692769521888466,-0.8961007501621571,-0.9795858740968822,-1.1459322267897154,-0.2256876204371842,-0.6720501574165949,-0.002209971405488183,-0.3392819330320984,0.12211905122730717,-0.7131095285790462,0.9461134427503316,-0.2798137572484596
-1.839137428667695,-1.5768710480121766,1.560787829522561,3.5893667498368464,-0.09333288148079014,-0.8288779780250248,0.344657664472923,-0.42739640398815515,-0.42902935610390025,0.18499758466422261,-1.0023864882256381,0.26912727659017693
-1.9259101064916813,-0.871520573369939,3.3952255953671506,2.199579275641466,1.062523105939921,0.2628595140327211,0.5039647465155401,-1.2083524374093937,0.31967645155814284,0.06075303931832935,-0.07734212822873097,-0.689609337980892
-3.8504606293581007,4.484780843497692,3.3510887095309387,0.10572595351263095,5.105170460991338,0.31131153553715624,0.14170449873496793,2.1962940648720095,-1.0181916261003805,0.682306249792536,1.1433749947949199,1.0598743390305476
-1.9312300893296066,-0.10752015600828975,0.5772778122231861,0.6116225068702759,0.8427644648279923,1.5090760155923708,-0.6116629005088473,-0.4156070872880426,0.09484240491283524,-0.5027508738247932,0.6703317511615627,-0.5055998700553385
-1.8067976507114274,-0.044866321091439974,-1.5130807947312943,-0.45364675809214555,0.015321721314839854,1.049306650976264,-0.07459660979792557,0.3487590941638319,-0.05500943288187721,-0.22105992482390618,0.1307369191297189,-0.08120458327934932
-4.548347040968216,-1.7405587658187196,0.0733208864217564,-0.22216421325097033,-0.8938347683581177,0.05763577670305485,0.8056072097523711,0.04678744059751603,-0.18525927422128471,0.05050935483929349,-0.30034169100191094,0.29063141076272786
7.49793841105398,-0.15047364693471532,2.370587516152438,-0.6082032707798298,1.1808123793977114,0.13234204582414016,1.1693546920127282,-0.7320947257253198,0.44026316341963945,0.41104839347366107,-0.3424947300868543,0.28113223623240174
1.5647955336432944,-1.311194517291614,0.6577715409222501,-0.7381520410522454,0.6960522510929688,-0.258617897305266,0.7921845348731121,-0.40490410500615975,0.3319091942087387,-0.20179234076381775,0.18049631703509714,-0.0018576637336639476
-3.5557311103388325,2.6005285761765924,1.5367963771242084,-0.0337649065775552,2.5614886741147993,-1.9202261060157522,1.882338856313276,0.43432763881573555,0.6431332522620911,0.651681138296748,1.1365833350490662,-0.2967940620218358
-0.5053022637185514,-0.8395551796617449,-0.7679552584833199,-1.0633753844029263,-0.9827046591104157,-0.7072073537665343,0.9527337769455767,-0.9551983465468746,-0.7440010081516245,0.9220772298907735,-0.4846940981164252,0.14084683312710794
6.18740193727111,7.696685973863219,0.27654347198103213,2.5805821153904,-1.447793469062216,3.2907719385288456,0.122611213841654,2.028785686782128,-1.68337172775859,-0.5981785206664324,1.0917885818490338,-0.19596976446470374
-1.4046769082692474,1.4351385719412397,0.9128974180944739,1.0820337622553402,0.026024620059200986,-1.8650046172208345,0.1375476615446777,0.5086346244433317,-0.4092320151468084,0.1591942057609282,-0.12328207559830373,-0.01564517535867227
2.3673821911480792,-2.7102588013855753,-1.3729100247581656,-0.011786059674289865,-0.09969405516644098,-0.15021127269015128,-0.2182131374525805,0.06712363550960142,0.24346325280027525,0.12939944636654585,0.2591330963160215,0.23501833255264074
2.8825151472236636,1.2271297615029422,-2.5649219593524224,-2.1371434448586055,0.16365752001698672,-0.8250617041794095,-0.13572691147362734,-1.1241006163249587,-0.5870833438555865,0.13985749656033242,0.06116860856902138,0.7701081276871726
2.53448324412956,-2.5064940839563414,0.9754209585774437,0.6317794865386154,0.5541298148311659,-2.104192516069623,-2.2495611738727437,0.633243261234716,-0.0002048684179052777,0.5953425181066715,0.21045931106850307,0.389215827146262
7.453349057316176,-2.225572750158485,1.4300202782282303,-1.2851568983425166,-0.26837249223921794,0.7958995590488759,-0.25190820347545473,-0.5238885371951311,1.2698356422837647,0.26048963961867644,-0.43196794816003214,0.7194363035654002
-2.1442787531396057,-1.119212041525678,-0.4819143248465143,-1.4382212000789527,0.05886591382393538,-0.14727925595123903,-0.7053171616937574,-0.09833840973583427,0.12636827662502126,-0.03480408453974374,-0.37719716861521607,-0.12285118607270892
3.8711945178448657,-1.9265104291126938,-1.5420684083142833,-0.18063825568706443,0.32882600941544726,-0.06427366698887733,-1.1187636767349611,-0.02085524136840974,-0.3220050029803095,0.089976516649995,0.5413643505624115,-0.05326950007982155
1.6539597934030235,2.2676249669138184,-3.042152813773472,0.7725133731430204,0.7673864178119926,-0.343059659729886,-0.31378354161904604,-0.3473754082663169,0.4908143021188966,-0.23202690098187106,0.14956759897240898,-0.2024487774915764
0.6785458455159853,-2.755230246479531,0.5955672213425467,-0.7977242319849528,0.7019703938326493,1.5380559028861025,-0.15732008214502205,0.06998127202864533,0.8467059960395054,0.32618125481356597,-0.14505839063803,-0.12012349238571723
-2.213426637553255,1.3087561793283569,-1.0750216689333418,-0.4548150931648261,-0.21947983277672792,-0.0279833904681499,0.18994109840168522,-0.8245666249424417,-0.09111657350032362,-0.3505448054016325,0.23365254530000698,0.5881294296753732
-0.7273752865595241,3.621280645561146,0.07030240839922718,-2.124638321243667,0.5899540859155119,-0.559171950839994,1.5448275253010557,0.8171873432549148,-0.2806079398834483,1.031343568135286,-0.9163808615234841,0.38075457588013717
-2.881843921244724,-0.19166588589730837,-0.4699334139765645,0.314009590419271,0.42403675783262973,0.39567742244984694,-0.7536453964731179,0.10779698136968435,0.5080781181683955,-0.11266122486975463,0.591154514795394,-0.6193140993954677
-0.7833426349891592,2.027421387695279,-0.14879983483740983,-3.1449063672927418,2.6919203257209854,-1.0798322595470093,-0.3128349830400206,-0.1104342786291178,-0.05389114867983725,1.868200622842442,0.3865317457880176,-0.10888927094382035
-3.1159168069505925,-1.4185031648089508,-1.2037088136902554,-0.3618619615400285,-0.9865663113421994,0.4490374798313482,0.007060603882469416,0.2742357870319933,0.3033288546659288,0.18784900673026506,0.2177344858409934,0.016863654221272704
-2.5281424701927904,-1.7558087453364406,0.9513538623270439,0.5863376518195171,0.2815048444842156,0.17599167707470523,0.25910290579552653,-0.2046113212704564,-0.5619284378047743,-0.09520702212690085,0.2685800449411291,0.13323569300603766
-2.809181445578089,-1.6112761359407857,0.18915237316400366,2.1431094666810266,-0.08872647177413681,-0.35439955704011167,-0.4879272987208377,-0.23835447555923167,0.36585882749205956,0.2929988140984793,-0.2767373416392151,0.240226511929066
0.3857467088120431,1.019951572420483,2.495105055732704,-0.22652370925036633,-1.3434715857067614,1.4550361876691686,0.7726199536853557,0.3036226727303324,-0.9635891185714156,0.16016619582922498,0.5711453481051691,0.45359130985492746
11.825597853876742,4.540574796272283,2.033378168683663,-0.6850826094336403,4.053362331105165,3.824204593636473,-1.185545005847467,0.692890591514856,-1.6488115140156636,0.01630596055523582,-1.2442134226989654,0.9771183259011874
-2.01993069457173,2.51452288401114,-0.993001957008397,0.09138826931524076,-1.3070000522789234,0.8067617474707676,0.5285194301333311,-0.3642209026342869,0.6652247831740311,0.06179460926507768,0.3068746885682198,-0.32122945356019345
-2.260414706594876,0.09177072067582294,-0.5426656231591921,-0.24044928039003358,0.7777455344115441,1.6337132553036648,-0.5876261159733636,-0.0615404830345234,0.1580546545454449,-0.08929239637662376,0.5856893708509757,0.24871688295463049
-2.029846449093992,1.2738947917916208,0.6727545712357579,0.9064075322880518,0.04130565705973398,1.8431444739365201,0.23190341244996018,-0.8743714833255984,-0.004945535683004852,0.40058850150591113,-0.6859476789229859,0.3575566153522258
-2.0064308713768373,-0.4021097306283026,-0.09159032521279059,1.759483683641374,0.07989709928864719,-0.610684903827494,-0.4664513132957437,0.1325634766625405,0.3620698047351132,-0.2742399298264037,0.035081788152126564,0.29542086665415396
-1.6953473583144962,2.553591032957713,1.6906019894182147,-0.5709734953549845,3.6915005500010443,0.3093207074426014,0.9119763068206319,-0.370917844882667,1.3411663926740207,0.623215536249183,-0.20790733481072654,-1.0679101608546122
-2.272291275497799,0.655692098622238,-0.9810931705377586,1.3460342351281733,0.04928642935954255,-1.355852537094671,-0.07405833269103061,0.910391809510795,0.6885695801400339,-0.8417436636953917,-0.10181327714864583,0.24485395449503125
-0.7405955318433777,-1.1598547125250027,2.0553696519938436,3.3592897391470036,-1.590721571799997,-0.9792812523975565,0.1353518745613021,-0.6413209198748809,-0.8974707800347997,0.06723510378975207,0.2108490942893922,0.14999117800552123
4.726607155039585,-0.23834281775208763,4.1123805395501405,0.12197633804509606,0.20996064610259332,-0.6583280072815596,-2.089865761668744,-0.9134154691713617,-0.7481952489394875,0.23326384205026965,0.7977623302583663,-0.8743820203175402
1.2555967529769738,2.0793134062189096,-1.6807777984118015,0.32681691277489533,-0.29063404618757677,0.521731699368369,-0.05980734741902239,-0.37180132580063385,-0.1951238078004197,0.13733870411813445,0.5065790099134867,-0.5143248694778763
-2.4470246735848415,-1.911040403385345,-0.997718527824858,-1.9723406916955064,-1.0732942685205717,0.5758212356393537,-0.4845118098546844,0.3956628314355489,-0.16195634400853146,0.47785443600515315,0.3035324102839241,-0.25909283146613477
5.061424112701069,-1.4748008978099694,-0.9098143314666168,1.615237629665443,0.5007959145968466,-1.1362001716810204,-0.17594100505347957,0.5209664110592839,0.8140782029879846,0.11522342737703989,-0.021910053127512645,0.32607106577537576
7.350672678178382,-0.14799609857672266,-2.518698385156587,0.40420400840460136,2.3360708557923995,2.097986127974888,-0.8288589985025075,-0.00678132013367316,0.22858410870108256,1.0822946354261547,0.6475364177539155,0.5483304375735303
-2.873896169509724,-0.9559673452695251,-0.4354298157319784,1.7189314970807277,-0.2617352186884141,0.4412671934159166,0.44225873880580896,0.3717732403414002,0.3427907846566279,-0.25953308724937907,-0.09370388315147538,0.2670556146882457
2.738061524970345,-0.0303315474023334,-1.2369991252581662,0.06562499158397198,-0.2964608115790272,0.7145516258280653,0.6735566120621651,0.7479070485272281,-0.1860824560770296,-0.7597589008832424,0.4604744890322651,-0.7482099083273128
-2.473658343583828,0.2214142173016743,-1.0530023824444916,-2.1102974814751336,0.7726462301154672,-0.2442301795946659,-0.9956400723547368,-0.3261740949902241,0.3313034549199416,0.2385071028838426,-0.05486936346992513,-0.40013100403485863
-3.8213008097826693,0.8867873097114567,0.6128209960283509,-0.7378063634380823,2.2544607720000656,-1.0019937211048495,0.4316598383334675,1.5804197313687818,0.6912780931078016,-0.48197909262444477,0.6337806633551206,-0.07074303387282867
-3.072720945717221,-2.144551747400465,0.33182342534170656,2.699176712142097,-0.8430979026688277,0.3898650788957185,0.05653399557112757,0.5709000901468733,0.18477899522154806,0.29706364432340365,-0.6799219587705381,0.22235255065987222
-2.538490129369026,-0.7075985426400927,-1.5666773676648404,0.15153263823015378,-0.7105568104602844,0.3442963482898833,-0.08498846610943626,-0.06297508025463229,-0.29036338715887783,-0.4963898890214237,-0.22506393890199647,0.04439667712265789
-3.079674392049212,-1.798232061744636,-0.6782943854651485,-0.2516007246234938,-0.5247073885164348,-0.07322120027139283,0.3403927247239321,-0.16770402190396058,-0.07378548518437571,0.37543008957451,0.05296906773807221,0.2135101652029251
-4.605043452263257,1.5604069217232035,-0.22962062688066945,-0.21370388220114242,0.6271361617293483,0.5295467354333995,-0.04919745709417259,0.5724746978977826,0.44173720033622116,-0.20911108445976997,-0.25460625934968784,-0.0038500033326857057
-2.7051851883142226,-2.79444953633449,0.618358402306908,-0.9141861694015084,-1.3115681441844338,-0.15221060956408505,0.19069549643631412,-0.5427174058463244,-0.06380458864222452,-0.8088051291657821,0.29746594113789715,-0.6249930035272159
-2.178660952524917,-0.7671424128131612,2.000082413393235,-0.394750888577375,0.7043648379786279,-0.8810526795549001,0.9081895980952607,-2.048722299300571,-0.220233990532219,-0.7287647523749341,-0.33868009773235475,-0.44587383110703815
1.7960528917982868,-0.29482006682475254,-1.6941007628971012,-0.8228473538549944,-1.1438861343073752,-0.2134033781349544,-0.5323659885143238,0.15875473791655495,-0.381659135421381,-0.3662102917057298,0.43138809605520834,-0.7563830059200297
7.873659157791676,-5.640448836186154,2.281741858140636,-2.6534071022618693,0.3994467584332475,-0.19607967281931785,1.5576462455153857,0.8431197386624427,0.5561333187014856,-1.6807465261169032,-0.7512509780727994,-0.2441335377893632
-2.1080765583542536,1.8370866761623823,-1.5014467584649627,-0.7860433884975682,0.3399138386178685,0.011576646875435678,-0.25482479062510466,0.03487172114678799,-0.16006609981571793,-0.24861564997087982,-0.2827176202442926,0.2596735129929826
-4.581084728342706,-1.0090294055505604,-0.4631296114334233,-1.2328613754903244,-0.4037397775326533,0.2350164859220844,0.77724802187209,0.5068035390742843,0.30385597231093364,-0.6202207244303759,0.35015410657338536,0.06968079775971975
-2.985641911329463,0.45593200575469256,1.261317334888258,0.4504150691013714,1.3294166292268004,1.863851813699655,-0.4954036769002114,-0.43393226267295604,-0.2555358267248786,-0.026497139403632707,0.46062396773192216,0.015891647482267374
-3.479764527832109,-1.177032351121762,4.169463615232418,3.9039750985971757,1.786631691998066,1.0589398224175146,1.0957600037268023,-0.6536529746141853,-0.9673130787897363,0.11625367349990194,1.1707879653854651,0.6129507041225788
2.9932998437362643,0.6480737600268681,-3.213130101094876,0.4897064258654512,-0.3914715439750938,0.9950611902874177,0.640663151886979,0.45563681815142704,-0.2478747931325914,0.03043829342242075,0.6897856632418681,-0.029283436707895995
7.158780268221392,0.28430875201798406,-0.9852183635800776,-0.5401845783021446,-1.5760609270632637,-1.9870729250183508,0.6573938344601739,0.9971631312035287,0.13718658027898864,-0.5556628094291313,0.5303391007288888,0.10042014384722409
3.7285210112042186,-3.872573318477426,-0.9337146841237324,-1.3287083073024506,-0.12579809043583778,-1.2159218196519221,-0.5267763279806137,0.6541175067666355,-0.033771900900844636,-0.40706024771216354,0.4530355525725817,0.1774113491184715
-2.915038645284903,-0.556468393319122,0.14338431386314862,-0.6511791881610222,0.7521595623248977,0.558700758617956,-0.10945425288696974,-0.31363838622986956,0.4929347123885907,-0.09521737721424688,-0.872937945124949,-0.21913257088926558
-4.282498016810497,-0.18324971540265028,-0.002276607055680882,-1.0244137952235883,1.5345712840055679,0.40495328985468937,-0.13197205122893654,-0.00657888583817858,0.16088589219423624,0.2900558869064935,0.6449810542174121,0.00010041022146014637
1.0244529549365347,0.915883092278079,-2.145068185158944,0.6996868897442737,0.3999820127159106,0.29595702393416284,0.5154789751518494,-0.18338252798309468,0.3041041052590686,0.029950892776804572,-0.30353202548046543,-0.046265587076799085
-1.7953774395772626,0.4270323008205758,-1.5435456801609446,-0.8557177838678052,-0.06097926896388234,-1.7494461657964067,0.04145340821182475,-0.757019334175109,-0.6726082902316829,-0.44367313040811013,-0.06453223432745961,0.1250162761840195
1.0792574838847453,2.46300342957586,-1.9984088688791186,-0.22324628245557088,-0.30594429840265647,0.012665322855344479,-0.38059775628593245,-0.11232104481506103,-0.6126441147317956,-0.16397710309165214,0.19633182733067395,-0.33189261269195713
-0.612013308947105,-3.0012705374918958,1.9182267926248038,0.33734618013182094,-0.7384427243480735,1.3703887611390577,0.01369670150014418,-1.0442330201940695,-0.3181079521683182,0.10405988991074491,1.1652828420915156,-0.6690215104540025
5.498339503201624,-0.22471140021151972,-1.671308310352366,-1.278679031659526,0.08963628031477869,0.054387965762687486,-0.8276722102872712,0.5391277312424811,-0.14273038766219923,-0.9708658742690944,0.07090928831208593,0.014890198787599148
-2.6710029335047305,0.5853158195931036,1.4354812414471918,-1.5916513296053092,-2.0100128956118075,-1.0570729550460838,-0.27920240654542017,0.012482416516870229,-0.8412282005921332,-1.0602808216401396,-0.7095493151405053,0.23530596377180507
3.5684454733425266,5.759796860145572,-4.667800570880903,2.2593479534197654,0.07858291311915583,-0.905157163850471,0.24848912938013146,-0.01455528072662265,-0.20006790193596288,-1.2310110640407592,0.26021583947533056,-1.2427562096701
-1.4131486678272944,5.452353712321437,1.444623360908079,1.995610580946486,-0.8044279861349755,-1.2005105626749801,-0.10716602068607299,1.2762345203613075,1.6029484428705647,0.443423404960791,-0.02576449506192109,-0.5254212082225064
-3.1569980171119343,-0.9728205565589678,-1.3247911586501493,0.7384705191939989,-0.8012007429604727,0.5665632026377849,-0.07458770392687399,-0.3456724057633873,-0.023518800717085703,-0.05283092934566861,-0.07090705671600095,0.07801732930442604
-3.325442498242682,-2.0540502455625704,-0.04601157186835304,-1.6175377244317257,-0.8389357830392349,-0.8229716987090459,0.7649533014743557,0.34021842723885537,-0.12729727108983419,0.29463609157261694,-0.5275735871542131,0.14066558924871925
4.528140911088226,-4.094084977504884,0.259091525654191,0.10416348275334514,-0.45677732722197495,-1.4657183016808102,-0.28111528212719955,-0.3587479821267489,-0.5442290994135331,-0.0876120839207911,0.4977559496927757,0.07381568813247824
-3.926155370657643,-1.2586578050829889,0.4103281033017553,-1.0623732810677722,-0.11236325231386775,1.017449838374926,0.40065369978404247,0.5311878182208597,0.6118500650421702,0.05573320993157456,-0.3207442786426936,-0.032064825856213244
-3.843318411970177,-2.430456893218422,0.16386883321618462,-1.663553242073282,-0.5382218950170752,0.018554465677280627,0.9060138962017884,-0.3319435756817408,-0.024579228315647718,-0.28328603416655246,-0.027751944393976807,0.20815698578350317
-4.266714510494309,-1.8571575678555179,-0.4512523631797533,-1.7139302099010931,-1.909873213013388,0.5360389535484692,0.07233885433941659,0.6312054641773608,-0.27678100975158937,-0.25685762760693387,0.18400296769399788,0.16708128343016915
4.253776698264561,0.6552755510926391,-0.7088657353073213,0.20653955911110083,0.6980472633966865,-1.1607254125385613,0.13396345068136728,-0.6956160150456354,0.24494705127975705,-0.7162055452560038,-0.09316547122579613,0.03158877778831351
4.764761889625561,2.8565787857142526,-1.3920656573450265,0.7655751309331533,-2.882072800316114,-0.32511732475154215,-0.8274404665185642,-0.26134493767088024,-0.5376599752240178,0.23528586527715287,-0.2652042972654314,-1.4091985769580182
-0.2076885462268353,6.925095715469425,0.1348667191578634,1.940941891177544,-0.8329800481747061,-0.5805157874324122,1.4033691538249788,0.6013743093019575,0.9633047640742055,0.5394495984522096,1.5564685773800357,0.2632896157278268
-3.9737281607903294,-0.12880141048139984,-1.7687677828019146,-2.2109053977026076,-0.2840642445396178,1.643046365509042,0.23467277278350646,0.13068355266006412,0.09642281471781973,0.10251246931283249,0.20076291976510588,0.08861775320153037
-2.503891188968548,2.6213755367197016,1.2503885831543773,-0.6751469538676137,1.3719960499673443,-1.3359892027637725,0.21060868573388142,1.0901259982852787,-0.3685875446290177,-0.6302316938002083,-0.45710042519443816,0.18247941562694947
0.44063635615154007,-3.525072429722543,-1.9683498384185076,-0.0688065441369868,-0.9448283499218515,0.5563924129548911,-0.6329972522037433,0.35094581408781683,-0.08551247777458325,0.32274361870717483,0.3945166589898009,0.4052054936701773
-3.908774847681716,1.204860267321583,1.4969148035954196,0.8624400504214685,0.7072676650409813,-2.232623302002053,1.3127000073043267,0.001805174970709211,-0.575362025743991,-0.1386046570074622,0.12297724301559745,0.5369463030340748
-2.6531543516775,2.532288630599138,2.439009728471567,1.7334635895154096,3.1883682931419672,-0.9732516663038163,0.01962281346214881,-0.051377712018032776,0.14382645210040546,-0.13999686732549732,1.0479905329523174,-0.2684420788675577
1.2476791084278465,0.8565496288919137,-1.2593214647631537,1.1961037454649337,-0.553038464490301,0.5466663574586188,-0.428617491559415,0.2204281124351352,0.254967391478799,-0.36818783112427367,0.12721336271879832,0.03623860531623471
3.108120228285303,3.997049816971978,5.953533777703854,-2.0960366272636324,-3.1909806298728487,0.6337274643295583,1.7954550707291363,0.7800130396247403,-0.46030039468877215,0.7915605542925599,-0.7231072623148231,0.7496974896828473
2.23701346518001,1.8388535053416124,-2.1077825216807478,0.7892573918575808,0.3121257315077764,-0.10745245698307135,0.30723967446954475,-0.8803031702729746,0.43377746908021414,0.13883202187079344,-0.4485705076262864,-0.12400773064669039
-0.3590635151367446,-1.3967167405502112,0.3754030113664367,1.781592330533798,-0.10424163534064228,-0.44056673380958583,-0.0937915681555193,-0.452375934268612,0.4355151751875279,-0.3115083601567479,-0.6354596479707658,0.14290247938014863
6.4694817936948725,-1.4960980628239393,3.25539534406049,0.2866838978364234,1.0756048836719896,0.653126447262289,-0.5229714928227354,0.2718481832054779,-0.5571251123436661,-0.5146759213754034,-0.9304631898148532,-0.44678368319905004
-3.415779565006272,-0.4233175795326457,-0.29211241200822236,-0.6079485803510855,-0.009516720379212671,0.6451615841208111,-0.10594620504973608,0.3392693611553368,0.8121722676310881,0.592720924292896,-0.2852871069975142,-0.08503859096430212
-3.938042481971364,-1.2510620098046177,3.12227246160449,-0.7155811722169911,0.150728751957051,0.8064641559203332,-0.06736010551471125,-0.17617121318635365,-1.352572904860478,-0.510141472365283,0.4461178295118806,0.07930935192539587
-0.4578824563494963,2.0813559398111083,-1.001396607765094,-0.18225159811750094,-1.0117121340855022,-0.4952097688389968,0.7643355453383278,0.2380704718067371,-0.05309681892506172,0.012510500817322025,-0.06672504032022562,0.11412766879678099
-2.2775889450537425,-0.6969455285465977,0.40764243931933053,-0.2721148805360784,-2.849722438981773,-0.14830012594587466,-0.28521621632850364,0.16358037453897656,-0.39312425786451877,-0.1677281914975916,0.7498143190720987,-0.20243402642600994
4.155603316340063,-1.986233717262568,1.0887012520555062,-3.2246649529436353,0.07250667669593343,-1.6618430123192862,-0.5722525221149903,0.526752531073512,0.323280258095207,0.4674121758804238,0.49237731545846153,0.09330191648962871
-3.007054987695863,-0.13426018933714665,0.5512281672046355,-0.4316516618093638,-0.8227249427368215,-0.42095418166615933,0.6702135953811806,0.15565430297306607,-0.4236959031330503,-0.4221191663644957,-0.5881994746726847,0.0074103382848676866
-2.978929470426292,-2.1612485548203764,-0.3553080534975664,-0.33271356054763823,-1.6225564281295326,0.6061499625744798,0.38685948682089716,-0.11063813932027029,-0.25929438354549855,-0.009510376370636921,-0.15486631881439286,0.13524199636680828
-4.4467683022028845,-2.6142635124234053,0.9342046510317162,-0.7009588397306282,-0.1461098072436933,0.7657364683068071,0.25032696215824857,0.27988705151020526,0.1116966783415545,-0.0773209564585131,-0.1871474876452289,0.0178133642373002
-1.6450167711915573,0.29538696916998797,-1.6343353279338482,-0.7549851352163196,-1.298987752891365,1.037260065148828,0.09528450502416182,0.9268729531118017,0.16111010532432127,0.10606216689180656,0.6377052743345851,-0.17829543964682448
-3.684240566509038,-1.2646569605716476,1.2587062510943674,4.217419218726332,0.24419197418941974,1.4567494657538926,0.3538927640176039,-0.2946146543580677,0.920106443780777,1.0181697896315152,-0.9190214726764524,0.2645251699737879
-3.338772698509781,-0.5153562411250976,-0.12050904002907746,0.578735932939994,0.20810130516233769,0.05660766201501622,0.37982779114487814,0.6158107803269404,0.0902536280303764,-0.1987112920480194,0.08723318569128702,0.1934581695885628
9.255414774088047,1.7835170042402901,2.8496043720902398,0.1348865252624093,-0.12204048681293478,3.8278406882354727,0.3485424878832666,1.5226779304390416,-0.502895168064245,-1.5854597615126849,-0.47634434241011897,-1.2493130651375792
-0.843716560062361,-2.0611001738607344,2.0060094130705286,2.352780286846919,1.2037756983726204,1.5965769783040076,-0.7790074488418612,0.57495024236609,0.6310648883937482,0.07664141641669324,-0.5493352472542907,0.44754358521042487
-4.001861308921913,0.18839181270386635,3.6862381063319427,2.8777858203887425,2.224887277752508,0.26511622706735277,1.1278733130946044,0.1118490392146516,-0.08440985598808337,-0.07979185754584198,0.47394357834388284,-0.08696357208079719
5.29637344620762,-2.9694719511857737,1.3098803627821003,-0.7600337020560601,0.868828328705878,0.19274968428027273,0.8192684078493944,0.16056491696697245,1.095970235065631,-0.13545987454817016,0.20447145460695412,-0.6931863253518996
-0.7506699554408707,1.6172519767719151,1.2915237390123417,0.4686770047999253,-2.07899825184556,-0.13642531388349285,0.8558966860589632,0.07253575465956486,-0.32378176714015905,0.020106984336310543,-0.37674286496806003,-0.5453572705851241
-3.0692422589239876,1.1972581183256872,0.31682703296678255,0.7137844817809205,1.355333446011975,-0.20816692873059933,-0.0883791708626223,-0.9688885221192317,-0.0918893169804209,-0.2901493448603808,0.5820914185283317,-0.1471334276324484
-0.47263017594787926,-0.9777171976673196,-0.0452246834006689,0.3710891298878735,-1.4469339224078082,0.1162796579348972,0.21017559742722894,-0.10232997401235298,-0.5952759414198667,-0.5141867567580416,-0.6888497266140587,-0.6273771803638438
-0.401797665709878,-0.3450604864128063,-1.224237983302495,-1.2104005704776586,-0.8284922210165876,-0.4106084182523021,-0.8447200826820882,-0.46419014236081113,-0.358838812639982,-0.06389912280484675,-0.1828292345474246,-0.47824601362302377
2.920735260117921,3.8121876509395958,-2.740213875720639,0.9153402049949027,0.666116983115125,1.2004496824763806,1.7123067484792243,-0.04579968706116978,0.9312083470385893,-0.7220573017236606,0.4521040120710703,0.03648426295452758
6.381627457312257,-2.1084063430903623,-1.3160327183978953,-0.8188069697548485,0.5266776745591387,0.09329146780047583,0.1435058343710924,-0.7157975638043497,0.05436788144248594,-0.06949096529641677,0.686932009231102,0.7341654103390814
0.5217671161601015,0.40043499775337865,-1.1891728314519272,-0.8345426516328687,0.47128817024953984,-0.22841677277095185,-0.5293966214287338,-0.303916954007247,-0.056583290363405536,-0.2890708757337095,-0.4799285920242786,-0.2931916177843205
3.1348734370079536,1.477126610813196,-2.6453657788519847,0.029615788761551312,1.0394826381772355,-0.8985978421215665,-0.11471739149389916,-0.4541095708236905,0.2587010809631783,-0.052090464011007455,0.35587784600075856,-0.2956551963085289
1.3635316999422928,-1.7469115957888262,-1.6255153802386915,-0.46718173326662216,-0.17328461923672067,-0.17923493297763382,-1.038511596130068,-0.36831718927875196,-0.21498264993816843,0.2897221540645632,0.4041892981009529,0.0970366605805518
-1.3096337707344876,4.981386884931919,-0.5754770633247005,-1.695169662735214,3.9905943979559444,-1.0848035385099086,-0.7370948311728823,0.6298124637119205,0.008242600056060633,-0.1702101741091532,-0.9007219475276484,-0.005185376799949674
2.824383773334107,-0.39551057664785116,-1.570362432360376,0.7059502713642531,0.8153927429454676,1.7565883948439458,-1.0588676507748882,1.0797606334903216,0.3563391254983617,-0.9600453052595669,0.26359440696758435,0.3164882283756515
3.3813707078525157,3.741035929052684,2.370395414673204,-0.5980061815845953,-4.977980718272879,0.7492723113079324,0.2891013702917029,-0.5658691405029738,-0.9021913013709861,0.6424827529138715,0.0406282891544854,0.8904947254998188
-1.1000446046839736,-1.269474037869824,-1.0932371518261403,-1.6498064961120322,-0.6281699517643232,0.5760718548143308,0.05852121030175413,0.6213157943440726,-0.17332246914351573,-0.5607908605073398,-0.3593702605513479,0.24545312265782807
4.687367894482142,-1.5543262427165772,-0.6622078513248343,1.1936981507398259,-0.2570401884219943,0.5828989832844859,-0.6885168313899114,-0.490899266147013,-0.029094257848668252,1.6024380109740872,0.4981501691724744,0.5282032413733634
-3.1265245707597287,-1.761638862616308,0.13012555817358382,-0.037626948629228676,-0.22780148685219453,-0.3842037950608286,0.28199093642469125,-0.18334243327722216,-0.64601744442777,-0.11137428857955581,0.39534167436847567,0.345412488519876
-1.2363378343534643,1.2683374145850113,2.000094337511972,3.0423623622081934,-1.0348738279518972,-1.565455358963796,-0.26845928083291387,-1.2016828757100506,-1.0613503538742193,-0.7176136844673893,0.8913848650397628,0.19313799651161492
3.278760364612801,-1.9180230165270025,2.773037625597113,-0.7203223152969714,0.6227038260252252,-1.1896255401237246,-0.3161666984521993,0.1453042933808165,0.0896804495842862,-0.5501307481991823,0.46401767063929217,-0.20195838834277663
-0.9280452831280289,0.47783719879765035,-1.8257952128170567,-1.6414678923738655,0.1075542773631171,0.18207234273156728,-0.11660348243796147,-0.181010899690693,-0.09662506377992573,0.4362503301400197,-0.12398933102526798,0.002877030551306635
4.310228506666909,-2.9589871220675907,1.9789856912700112,-0.8229116311813983,0.9237556426344324,1.6432972207920424,-0.4044653261375362,-0.6141778083591769,-0.20384185543682426,0.3838272971655556,0.500630436915038,-0.22762564125261758
-2.4607585342175917,0.5217224955091393,-0.8717188760019813,-0.7750692518721691,0.3961533399092592,-0.41028047772285603,-0.3156412355995839,-0.7689310313678575,0.2601468519904787,-0.011180073622823727,0.03474437438835942,-0.19900981594663245
3.4381763730261468,-4.004547720099086,0.545091970265464,1.8012570957106675,-1.0128599486198624,-0.7797224517848232,-0.016202476351578003,0.4497007496419621,-0.2937501129107572,0.4153403779017229,-0.1287818572209504,0.8691641900024668
1.9140266186618968,-1.5366168296327214,0.034090757966624426,-2.0393346630612017,-0.2208405670519188,-0.1029058597247423,0.4288769186974371,-0.07757997246804732,-0.3754412212735333,-0.056255755961407014,-0.1470624559354845,-0.11938550626723492
-2.799176367581017,-0.8801939978274816,-0.407247264926203,-0.5464181155881432,-0.5812534986677032,1.2010710060068057,-0.5186979552630951,-0.014810890123238465,0.3434589455955526,0.14235152120814823,0.39852676635165424,-0.22189765829863675
2.3433099203463974,-2.8583693416318234,-0.1742405457908786,0.6119462662061746,0.49015110344940216,-0.43905442319949034,-0.06489634276135471,0.2261836586083616,0.4280610888057487,-0.24564005323649937,0.43657467999046656,0.6020141953738951
0.25058557473342474,1.9959893202564523,-1.8359810478517766,1.3884178414776265,-0.09235665704411052,1.2549420406322835,0.5974634556247951,0.5836692373538559,-0.5790436001860089,0.3718275417951406,-0.5405510973506702,0.40938839225505613
-3.3221543947049272,0.2745957651888749,0.4103879426320148,0.5428349661004384,1.7492016365604008,0.5056274168490553,-0.955722526373474,-0.08982194419354722,-0.7352060728659149,-0.5074904462188496,0.6065333262973963,0.764630697619011
-3.908189968746235,1.1880762078437983,1.6107539058664697,0.32243627110541906,1.7411814500305796,-0.9393007196479418,-0.26144834026924046,0.18650317955438078,-0.7270450666969883,0.38268562831329284,0.33081821724451826,-0.4933596363761441
-2.709138355524077,-2.036557668356621,-0.2831150348304402,-1.6901035236141846,-0.6171496073082531,-0.034806234967734745,-0.849164491347053,0.27078866976391025,0.029066599250118005,0.3513616830297613,0.14747339002596502,-0.2653246318553034
-3.390032165282377,2.6681773143952796,-2.2168364974778063,-0.788870054650535,0.18746926391050317,-1.1753216396247603,0.6602068474223748,0.07994217253835283,0.36107111235081085,-0.5883373214102701,-0.1302576975358877,0.10954160131804279
1.9933491957455138,-2.40144554249308,-1.5694525571736777,-0.5308693182814642,-0.41345662741984224,-0.4397948674102922,-0.5136814757555036,0.10031766015768945,0.13106860539990528,0.4311463126557724,0.11241397374603199,0.12456862126647143
-1.67069133039718,1.699118856969344,0.5216926752753311,1.678469394289805,1.6293733056596125,-1.4947189351947232,0.3088622991090094,-0.6207691749112512,-0.005445310512246316,0.1010852056663727,0.5434261814623408,0.3468725065220413
0.42943833138046755,-3.150969482603259,0.42121934470732647,1.6286709845018454,-0.15542330151746137,-0.5817130232770565,0.0508378371652359,0.26865084172080145,-0.07554159361032176,0.21264274073288053,0.2923887946900212,0.4893620741100178
2.4482461604948362,2.548500396369201,0.5525931842326904,1.7958875800193377,2.1103814734719974,2.0934187056609157,-1.0010419336763416,1.4567167645822876,-0.040981207615600326,-0.48875765439476443,0.386093180679634,-0.4225370103669195
-1.6564828347351632,0.9227016017943557,-1.3629312468128476,-1.0241945159150063,0.23728326511187514,-0.3021301759529847,-0.7556277952833684,-0.8929454559523333,-0.12667443050159774,0.035381064447627654,-0.830536396294336,-0.3248685911214178
-3.316040171191673,-0.9929676928086639,-0.007481464048343327,-0.9634332403938697,-0.6678743952656513,0.6802042147742325,-0.29612605485082427,0.25356320707125496,-0.15001617193044842,-0.07418012367104333,0.023236955563846775,-0.25908192593082396
4.0186968826860685,-3.629639140493171,2.868649076762932,1.8207950908225068,0.7050132209824409,-0.2879578044476868,-0.33381397711784117,-1.0715654186061219,-0.37889314597782936,0.06506805091021331,0.26221142595140556,0.20023946046836452
0.2187829589009576,-0.4918359888609853,0.5826727846612294,-0.11254345118639969,-0.35133830328846855,-0.3840911045414739,-1.814586581869238,0.6266968055465673,-0.14654069447950827,0.5169455710335746,-0.9147411965990864,-0.19276315125409121
5.68401788489698,3.246139566270916,-2.237433451812865,4.179545351982054,-2.1374730297957325,1.1339482609510407,-0.2901756960372569,0.026990538901374567,-0.22282697592814957,0.0915526496880216,-0.10380781526563133,-0.03960833574414326
8.80719747826101,-4.370610313456546,0.7847770710852033,0.19475825855825152,0.5850381206677315,-0.6377209969469402,1.0407159109000965,0.6251509653489905,1.051420590125787,-0.0794710838086138,-0.23303225110817474,0.11467042278711324
1.3640675756420548,0.9996190579403005,-0.38365200661179183,-2.049236142089561,0.13361559683592883,0.6426887136214392,-0.03700154551012885,-0.6591480169687403,-0.13721006802656857,0.28186447430554895,-0.7127465755343666,-0.45293253157017815
-2.513766999622428,-0.4188040653934477,1.8992922498939508,0.1851025979616103,0.16370513275148635,-1.9528876991234654,0.3688958724423684,-1.8785642826215758,-0.9530663435829035,-1.2059399017974264,0.46067404611910495,0.02059006336031851
1.6882677147075538,2.609521187226496,-0.3633394884270283,3.268034087024214,0.4037100349881362,-1.0748908659885552,0.5432656848540367,0.24127504834958977,0.467135610825672,-0.38848114190613653,0.11754102491170641,-0.47788921948185076
-1.2459144789471575,-1.5458186071191375,0.008908713206839525,0.7501669196134612,-1.5858692514748147,0.139747799207277,-0.1902979133152905,-0.3495729302362923,-0.551163105023562,-0.41429415408902087,0.44471398156803826,0.18835369641302427
-3.279716091593303,0.2823999080388218,-0.7244541860147131,-0.5766305403362265,-0.25605822924899097,1.5304869010158828,-0.01054178909451108,-0.3460658367723539,0.2851186342562542,0.3255908353366952,0.5297777588727779,-0.5309616880953308
-4.541098294491531,3.5638132264625053,-0.8304311926394451,-0.5398872059251211,2.653892048177764,-0.9793051968274151,1.485732337689318,-0.35060283558823413,-0.13669158253333988,0.10252795862534496,0.0947032937517288,0.8426606169729655
-2.8475979342019313,-0.3716161771037748,-0.7577666574301649,-0.5567106824796596,0.7923109116607394,-0.3610718001510581,-0.4292292240190527,-0.1111133227382712,-0.20647210864229512,0.10137769360372131,-0.33125234032229434,0.41966984927533796
-0.6485266594432155,-1.911845241627308,-0.07697908856250008,0.2630580360648117,-0.6801219401006615,-0.6717652913736528,-0.07395186894551338,-0.6278230058250445,-0.1490480657912292,-0.24409071731625237,0.013144931468446764,0.07447272815952607
-0.7081725175333051,-2.6691054974300044,0.055353226480743804,1.4986034199646883,-0.4568635814494129,0.34404873919023,0.5898679362367909,0.28153359097276986,0.22827069477419762,0.05186005811821356,0.06713632586034356,0.4686873630732108
1.4403748688491382,6.383709362249912,2.079840487558216,-0.42934339637838953,-0.7208713339583522,0.8678720024050117,0.2210971352282597,-1.1624677042562057,-0.06558738239252233,0.23199756106988645,-0.5885241574135839,-0.5649124488398714
-5.3074236676637225,1.123445509820423,-0.175525670717544,-1.244278606644031,0.9313683134856363,0.17643000260020184,0.980370839326786,0.6392325862044467,0.11295472924143506,0.300535272781474,-0.2580705262640097,0.6184853065216114
-2.981495534295294,-0.01695742602774672,-0.8033117851514221,0.12614511603674494,-0.3423281445357722,0.35419617993873864,-0.38824487537574504,0.8218172243467724,0.22808212536220693,-0.659833399706822,-0.2144872481011035,0.21810388808489906
2.5165291996550545,2.20623692362475,1.431380330504631,1.1318763037101678,2.058727621679311,-1.9704674966724423,-0.727301829351569,-0.04088832732866661,-0.03899263768787423,-0.9729287421515656,-0.22467436399684218,-0.490505807519815
-2.133763244563604,-0.41762095560370466,-0.4783673512339256,-0.15101693991584544,0.7339050710178547,0.9950029231967326,0.5626378277593278,0.26253048851148536,0.42259048322467313,0.29488068230937114,-0.6154806241079315,0.03968849399892255
-1.648948517815022,-0.21734698551294165,-0.10512071670304314,0.1970945135754487,-0.6317364688988077,-0.7851486885984778,0.5955498504479905,-0.10087238900720029,-0.301811818376645,0.5636006587504793,-0.526421382661656,0.21610369005197416
7.782684480563268,-1.0007895855260656,-1.8304355540578914,0.00953374839447409,0.2908052173964939,0.219646379283714,-0.23311616159927276,-0.021865551485293375,-0.7145885594522552,1.0468278734442908,0.32974663166947293,0.645005700755291
-1.441348435056243,0.6056151404128117,1.1595517710546237,-0.4761775600240908,-0.920629942895839,1.015164203214422,-0.06696791603090516,0.15348908903372566,-0.034197574336115394,0.0988916851903116,-0.6915889117807703,-0.14617037237206318
-0.6427476930342898,-0.9222135340987503,-1.6349418086126715,2.3822570377978605,0.009442767922114396,0.3442611129590829,-0.3138995494954495,-0.0888587254885402,0.6599612027609445,-0.2955719720359516,-0.2577414945667176,0.12839305755487668
4.942280606359157,2.183503506168522,-1.6700770478978009,1.0333005888675613,0.0726032275343691,-1.5816674258941612,0.4205321399459492,-0.003117619456183718,0.678514647871459,0.11969904839435797,0.17089985921995524,0.20652029298884142
-1.9845389171391272,-0.2466068033071392,0.8225526414673336,-0.0707161967536447,-1.096237956541904,2.449824883631684,0.07136397218404805,0.023765955392026777,-0.23049969028282255,0.03864758593968704,0.24351063506817416,-0.3708056967583144
-2.0145767249071724,-0.1516726295768626,-1.7957814521207252,-0.8010683422079811,-0.9814143717284388,0.35325554126537534,-0.5871669067717279,0.10963718891041838,0.16212320095233831,-0.2591558092694272,0.005487326339090012,0.08018813197585214
-2.4080984693117857,0.048115802646615864,-0.761636166114722,0.14517546275405988,-0.07133146786864163,0.9194203822982469,-0.03178577859323548,-0.253920185069595,0.566694454531339,0.36616385017920955,0.21622532691246935,-0.17276200979710774
0.3003222694131175,2.1208629237370453,0.5989875612327576,-0.30498613779217876,0.24733093404976286,0.3561284337327261,-0.9128259207942834,-0.5554864515626535,-0.4419980272933429,0.24756199301242554,-0.29002557589854755,-0.2668715059092617
-4.407164224126739,-0.7148559841814358,-0.38295722450708936,0.7176820679253639,-0.3608363013466706,0.34776398997390756,0.6041119340818691,-0.46700297159172677,0.11085492515866857,0.4773192220804748,-0.2703016250128203,0.4312524086453277
-2.794099215148972,0.2471756211590785,0.1926284677805991,-0.520587090335457,1.542037229685447,1.0902593452317049,-0.5915316694203538,0.4393205815079984,0.43609573867006995,-0.02288676890095374,-0.5340078175176861,0.252776264234885
-1.6948594345728805,0.9354120950323488,1.6579597013086584,1.1595031268962839,-3.4671102132422935,0.5427021913751205,0.45419618237547704,0.5829094680209218,-1.4287333586546087,-0.2627560944398437,-0.6155996725647556,-0.09305107226423966
4.527231755797024,-4.810671741182169,1.133992988324291,3.1998022392375787,-0.2564020721190437,-0.7178503642617251,0.7293841300089112,1.2139075046438923,0.6456327516416428,-0.7019899003375112,-0.3633057954639714,0.21384968371076002
-2.952427402691987,0.4320683201815715,-2.489454236260077,-1.5599893799195197,-0.2512556913195323,-0.4676644057568484,-0.0689493500241061,0.20322892494103187,0.23239935472645085,-0.6332609582331802,0.4237545678511003,-0.12448053474599069
1.7120929945261254,-2.104745846083776,-0.7649574726615879,-0.20542550382538907,-0.8779999711327635,-0.37731100754280406,-0.6899586569259092,0.6920401145741887,-0.5324984061890581,-0.40482800942990343,0.027962697410365955,-0.37289265112165104
-1.5069285751510755,-1.5929874757835187,0.5750589575878029,0.8570283767667018,-0.14358082431340832,0.47098732923104053,0.28909671308959306,0.04457416579150436,-0.21381737559565664,0.5548846100357078,-0.8024444920674741,0.13027999403511217
-2.919349177943776,-1.5875892595682193,0.4107378064141048,0.2393874390086621,-0.43000785330784075,0.4411132452793319,-0.5295050237887702,-0.48939167177898185,-0.7694995953249137,0.24978695517782062,0.840860606257015,-0.1816700642770796
-2.2251657404676304,1.605657155797981,2.2236405387543847,2.735160610751083,-0.30889641132758444,-1.5717482363412836,-1.1517662766171624,-0.016296336304518533,0.23287462844946974,-0.13435963491900432,-0.07915558018846056,-0.5517851739354497
1.4373351827248713,-1.1686971535850281,-0.8889835369645802,0.9462490350148145,0.8345749683481213,0.685927083486832,-0.22663741921235714,-0.6098073587854916,0.40325860422722776,0.6413888790871926,0.36422189883472195,-0.23067197073924364
-1.492956779969486,-0.5176810600322983,3.3955363235365787,-0.7082317585289769,0.29757705219313874,1.0202425847897318,1.1255439064905937,-0.9773854498917572,-0.21946290769960233,-0.4612540451649355,-1.318361486830101,0.0249895403973959
-2.646705409600083,1.460800081999407,0.34108017998164086,0.177581861740766,0.7502104770937327,0.9509470004624394,0.41171499743462925,-0.7059272792087391,1.3828555633682158,0.3140052810094959,0.2179626520930027,-0.7123303238325434
3.2485041543873394,-1.8508271280221202,-1.0674741734650603,2.5511299852386164,-0.8193118633506029,-0.47401645268921455,-0.6065751579706674,-0.11054845165698639,0.024683209141563845,0.2242421777457542,-0.2744438092986082,0.41154557283968696
-3.206082977160455,1.2247202738980663,1.313195338873443,0.46270346482337804,3.514191469981757,0.4937545947196358,-0.8572471378527794,0.9958645602801001,-0.5752677823871408,-0.08828768095959658,0.2068111236153973,0.4492480543295851
-2.279947768097779,-0.8595368524872331,-1.288776491724357,-1.3804406747146534,-1.5240274947508334,0.5327928443487849,-0.28186082216536024,0.08155239946287919,-0.17862889430660525,-0.28302180151966,0.21498607192055694,-0.26481624443367074
-2.432722096804393,0.9353263247675244,0.2664521928604108,0.4751281294851033,1.0541115272737343,-0.7557470590635046,0.3574921262297746,-0.8658777335166208,-0.9741178469396167,-0.4189806614288267,0.0013840240248055725,0.2627579935209006
3.7067693699689497,2.233788125834327,-0.012694419136166049,-0.7998429001879555,-1.044311610925309,0.4486917096777201,-1.6166639685847375,0.320392579238066,-0.4032240643314987,0.7518572100762021,-0.04320696641899785,-0.38144428041046563
-3.128629545559156,-2.0100336545667825,-0.8592913903809833,-0.4803089719845458,-1.5376930810013296,1.519162740932604,0.39434745073917415,0.22794914711453124,0.3467632509541067,0.7022430391018673,0.526993523425771,-0.39640643418114624
-3.858107346771379,0.6055153894061762,-1.2327023135870658,-0.6849440486231331,0.6693004342018126,-0.6102615978422143,0.5469182200183493,-0.5756773433396755,0.057702477378736905,0.413826294431189,-0.26929783880476527,0.17098701069616495
4.624042830270818,0.25943593898191963,-0.5445434055780489,0.8689121441390187,1.5661355103770207,-0.45325474994046605,-0.8159212196976489,-0.6180082291302441,0.4097958173799476,0.635260787697937,0.10794119894962481,0.5107017022496108
0.15152297880583157,-0.4676905231404025,0.019950035342603454,1.2534083990670486,-0.962046066470847,1.355648643625332,0.0881752793694486,-0.15143498385898094,0.02045108271137215,0.3947803076385391,0.33377624362032465,-0.44960087039606034
3.597367798270065,-1.1901538320720748,0.8420635807110377,-1.1543561438669818,1.5211776979212894,0.5053693974134275,1.03576406796554,-1.2824697905936788,-0.619385428943326,0.6161709908105305,-0.041529760975878086,0.9021102709024779
2.350427440264989,4.800754471580683,-1.141200321601172,-0.13753131951189654,2.403364530631674,4.584107599162076,-1.173705848644321,-0.13850155025226754,-0.4752178151146621,-0.26491099808663715,-0.1259297901630671,0.3185554553430568
-1.4134164667299225,0.788434963381172,1.8016578801290877,3.5059422466430306,1.0548191489202492,-0.20532314555825187,-0.8937953608054707,-0.160099142195488,0.11461681539986152,-0.30763135683160675,0.09973346677779582,0.06262790041745266
-4.344128240858068,0.10564760652441693,-1.6113934220138966,-2.397373862541912,-0.4018007091415996,-1.7044000777443924,0.2764650223948796,0.21725686290565344,-0.192987917201513,-0.47337301603562604,-0.0746759366667873,0.2766638358744914
3.7749211916444385,-2.9227789328663936,2.8188637554804377,-3.6344641306322356,0.3061078661586509,0.16104791055354836,-0.5661841764273924,0.7202889311021872,0.35569477608406713,-0.8450257575410972,-1.1074965341736092,-1.1610172662806708
5.731743835655795,-4.2699950786360334,-0.052204967465085836,-0.4481046136571926,-0.4262316991201533,0.8818809784104813,0.11423686839307096,1.2857769703621535,0.09142753534273709,0.36954286024156163,0.7164827566468394,0.17508934229654513
1.643096857300988,-1.9677487996185978,1.13366951125439,-1.0313255059132962,0.8554441329300733,-1.203714994209889,-0.7604514331674068,0.39219096498808753,1.286551187619921,-0.7483235513242981,-0.17250190593388262,-1.111297732079903
-2.803383604416891,-0.9387475771484758,-1.511607518599774,-0.2861806724587108,-0.29374550341189354,1.0319214214454362,-0.3600740059098252,-0.15372909099249396,0.4851506510737994,0.03257138410402,0.037465496224310564,0.04572262524740075
-0.37808138588473233,-0.5997517932518112,-1.3450669569714666,-1.1482999310961863,-1.7642559074065742,0.9894167211544593,-0.11211940476285813,0.09734280786340938,0.013538099935542367,0.2737244108704133,0.24578248479304027,-0.8044650304736813
-3.593522853166463,-1.6878390516144655,1.249338705360622,-0.4402046457129734,0.6138703251520774,0.7244010434649694,0.5127542638991988,0.3245591911344711,0.4440310969271425,0.5690282479494819,0.170134887319058,-0.05599073405083725
-3.428983433156947,-1.1971809670537576,1.0940800372359585,0.3196461999267132,0.22407947798154143,0.36419518146005936,0.3250697206462919,-0.04688598004996616,-0.050660674390660465,-0.44183469126178143,-0.9335613853124208,0.28223090366992915
-3.7745227628801046,-1.4566896547983312,-1.233909627124504,-0.6722985260770774,-0.6374872506923656,0.4753453820947188,0.9766259123627485,0.15356638891435953,0.09354913411002898,0.4691304318878326,0.09604886847983249,0.41547352431288836
-1.992534698469948,0.49545642733549755,-0.20866391316701974,0.32023871451398017,1.435114201093301,-0.16597556725298976,-0.4531716156910439,-0.568998188945037,-0.13201183287852988,0.06579823843345367,0.4622143261461706,-0.1149078238088742
1.5335713607165438,-1.0490781046521354,-1.2741656446947636,-0.2784924828786052,0.5997018159085291,-0.8686324444481907,-0.5582987262416154,-0.6005902381203603,0.46442470818802534,0.218935912728312,-0.2551781494137983,0.11640162832396528
-0.9717824919123944,0.9745485587267982,-1.1266570390170823,-0.8857728929995791,0.64655032734063,0.7038261088966343,-0.6755186626020104,1.0430766935873936,0.2851359029393988,-0.446388625076303,0.3927215865515283,0.4492645808324335
0.8323362031911272,8.094421263244048,-0.37959750100696393,-1.3464637578251375,1.5763774061318645,-3.921470084075253,0.9644661051791311,1.6656912029021025,-0.33775866252117337,1.4307121317198204,0.533581716242021,0.027231066739363822
-3.314126877362066,-0.7075489438603726,-1.181242240212385,-1.4216993791984127,-0.09354311942788911,-0.6235539484610768,-0.09370500211949931,-0.2645135926214869,-0.37091897023158277,0.21828775948372728,-0.2353498821167268,-0.20194460109529144
-4.638354102838266,-0.6601476159127655,1.5447487957444053,0.44002872788807634,0.7892783911906878,0.8644367183027366,0.5874992846841092,1.1591214395619545,-0.0022757875631662793,0.3296519689738374,-0.15001292092842466,0.2208017066578798
-2.4091531008496787,0.973893954774841,-1.0279702791371075,-1.398729018336915,-1.4276480737231894,-0.24945523856052088,1.2405631669685369,-0.004490032852478239,-0.4571459539973671,0.8727646680722585,-0.07496873904988909,0.7893597714098916
-4.146541638985473,2.445247891248085,-1.8866823917742042,-1.4744133165855415,1.084233858970431,-1.0418150165263471,0.18252034388532326,0.7486398919922955,0.7839563098456955,-0.7157823093339615,0.02660948166763368,0.5059265847888782
3.9011849449206593,-2.857097362082339,-1.5611300961997874,-0.7267040438074072,0.1425931883772403,-0.3326761703006295,-0.06993877499367167,0.28764010238338766,0.33869930324169506,-0.17624751476089792,0.24654111173386337,0.38624438140152795
-4.30340145539073,-0.7902165560479153,0.5464977631970059,-0.6211882787960441,-0.8801441936226275,-0.023713172953799537,0.2789235842396298,0.05224066474020664,-0.24894016405407865,-0.6805399127146318,0.354087381926153,-0.07930583980570083
3.424857812057873,2.0287003165812925,-3.4047841315603002,1.915442763167524,-0.3690089998499375,0.9059914053368305,0.16097120683993502,-0.38219518444911027,-0.1447558648264361,0.34571602042940186,0.27982996858198456,-1.1918423551993296
2.133729113033044,1.0942060691660365,1.5782695039947976,-0.5006233353914871,1.3090023306472556,-0.38710549507337844,-0.7888402550682977,0.6174777656642738,-0.830413734945191,0.514686446179578,-0.5252488135128233,1.5658088010497717
-1.8531102314124115,1.455561297120963,-1.4837569233213619,-1.3548740934511139,0.8861627821581289,0.513570311969226,0.306310225226801,0.3848268892430068,-0.4642429314006225,-0.016811337781069993,-0.015270799101981683,0.10693441603818228
-2.3093490984376452,0.7271765333151117,1.0510551941211048,0.21771548491599735,0.6074436492516155,-1.419935099327828,0.16938565202442715,-0.3561364773439026,-0.5390990640071417,-0.7717115883454622,-0.3258756832189371,-0.1889039161909025
-2.573037145755287,-1.024523809817549,-1.3175993123413767,-0.8284428165651608,-0.4694739428112654,1.6321217694816648,-0.08769601671147378,0.41683599845787744,0.22455421513353488,0.4231433976602451,0.17670474869092348,-0.10355619243440076
5.075371255099137,-1.3080932068823303,-1.9262028484337088,1.4126135664632398,-0.8218735124617014,0.32633414131526733,0.9000559258589054,1.3918292411984692,0.15953092716895645,0.17013123198453883,0.07841023568996797,0.02755961370335278
-0.634390182797772,-1.154716995925686,-0.11138178112048659,-2.338330815364713,1.2857814084135157,0.6320506876929521,-0.6994822758471582,-0.40963478763942585,0.655119302112663,-0.21651525413495032,-0.004756195694261946,-0.6185152548903526
3.4420796020572495,-3.415810407102961,-1.1313929824802804,2.1941914448432525,0.3160898671616995,-0.45636300464643065,-0.7744112424513945,0.39050727562880744,0.11436894725247426,0.9421791908359045,0.21604006479472007,0.7830153754540353
13.425668938241637,0.7104647115097489,0.8514837569445972,-1.7155354870550032,1.3512281539528384,0.3952009109478486,0.30741739122811007,-1.097985708343584,-0.18830929807883887,-0.7961086359415946,-0.06419463812395185,-0.3302781775567081
-2.382247952100177,-1.6266767622636982,0.9442270840920316,2.715777956331348,-0.2602032629741301,0.33066181395569366,-0.5101068811023126,-0.5443055889381435,-0.1915418490328206,0.49033982528805675,-0.7883533992546885,-0.0448524382709832
-3.6282806791346243,0.9519439920922906,0.060822387433155,0.40963071929928646,0.49845358447705407,-1.7291215162776987,-0.24919792759528975,-0.48692722660433363,-0.5406396093885811,-0.14272348936343912,-0.26775692022185066,0.4677700162832646
-2.3903082963563937,-2.3132418695005623,-0.1878331767950646,0.24309308529579782,-1.1304899377176116,0.20456230593145455,0.5127534729342579,-0.28690787355650005,0.33983598425606965,0.05422957599045461,0.06929459539496903,0.015533142939717817
-2.9052946805689293,0.4394670622288515,-0.9807227970230689,0.40408185692432874,0.7921230200023444,-0.26353959995823156,-0.009805307345052448,-1.045416487871238,-0.3247359823297142,-0.23287019762458505,-0.10440603718718998,0.3362271073413837
-3.7001475253280995,0.37346641490536603,-0.6459312964000563,-1.737183913986039,1.1071472081835572,-0.04235242637397388,-0.6400287076908939,0.21971457700584565,0.2359243903892898,-0.040686953945595,-0.04125156270998003,-0.0031894800167854708
2.9338913444677632,-3.956203655432313,0.2530050697198377,-0.5216991503632059,-0.13038638980457892,-0.6546922317252801,-0.3992821036036274,0.4896472988034355,-0.1367319146548461,0.2606020532483895,-0.11676681426133188,-0.08526705920062251
-1.3409632973828007,-1.7250284395963635,-1.4806731797098271,-1.254039923515828,-1.808141842836578,0.7056101747901451,0.19863038906211963,0.04875609060062319,-0.01419365921804145,0.13147279705934428,0.3385364515975082,-0.2907394336806075
1.291341424242602,-1.9607932641629289,1.197297138047621,1.5955328882050563,-1.8113845271085924,-0.3482578750451206,-0.23688919231989705,0.27540226670934265,0.2568616907823425,0.25004622542398647,-0.8372995776099513,-0.5030617472019083
-0.6243975123820832,3.5656984194784918,1.854867794707493,-1.5330510665323087,-3.39627740722243,-0.9115532237246601,0.7769598316415864,0.24461473351511462,0.86997057996282,0.7557598367111626,0.407921373319733,-0.5472827803201231
2.220804488589544,0.880791280511948,-1.6399450548868655,1.0307171323946052,0.1964939313459766,0.535836322470147,0.539802388138838,-0.883693427479338,-0.22376565383884953,0.25615012951586025,-0.3869959375331671,-0.0447994551978795
-4.917770568913176,-3.2564279860079166,0.8274709961626326,1.1629690668502595,-1.2239221693928242,1.2186857887213287,0.23801500112303714,0.21608381381595285,-0.039726781981084563,0.29337819848170094,0.0005001742023942263,0.4034347669957744
-2.03081727433753,0.7966192754107765,0.25113491233234947,0.566184526647531,-0.02322624860510367,0.6949932157990679,-0.055873018776164456,-0.37766238814232994,0.8712007780789968,0.09819564813156796,0.6254670941226648,-0.21690508308787385
-4.424533135088528,-1.6168505435053033,-0.9944643499511148,-0.7239759858905954,-0.7292618325487742,1.106407129928896,0.034111401162910567,0.0008548724246406593,-0.0690082551438248,0.016254723737788086,0.09360093908971459,0.5315013571626509
1.7128717373202509,6.228247565536262,1.3574328283411954,-0.3712563755677256,-4.327631651273908,-0.12442895428133416,-0.5118128805696359,-1.1173648910386633,0.9678791911891242,1.2184291659400843,-0.17557425532049112,-0.18095664376967463
8.431374111838961,2.4484120348575105,6.429008302370882,-0.3712299063748865,-0.17098297934644843,2.363385889317047,1.6899045296867383,-2.523810632955475,-1.584547711471909,0.019017171608333223,-0.44179294998719837,-1.1642840995480415
-2.330566520476047,0.8682350148537871,-0.6354388687399037,-0.22864882087146438,1.3481811055020636,-0.10351272068133119,-1.1042191180263075,-0.107802250687106,0.2557181814242942,-0.07353802104065307,-0.5948380392218465,-0.17875841742874346
-0.3103279026844451,-0.16290993188640537,-2.985670451240183,1.5237449950051123,-0.4212454217645674,0.3072001568194521,-0.06431356734821184,-0.06817689029658813,0.2979979488093514,-0.2702359720227824,-0.32142946525045324,-0.08300634963174465
3.9072515656132927,8.997636794470347,1.3622434255191986,-0.8349116052373967,-4.014898736337137,1.4259076532516286,-3.6927500625259344,-0.6702943181120404,2.227714754794632,-2.727896396146738,0.027925520417361543,2.3929126584701432
-0.7888432321193785,1.7803312619898817,-0.5927097857092013,0.8609554250403166,0.818134883235682,-1.6223417727973901,-0.4128865011840884,-0.8315220822600088,0.011757050466170482,-0.5996536937970738,0.11799027284805041,-0.3145219741385198
-2.6042264338751786,3.1810958933520905,1.0990550513447777,0.8755883134812525,2.8205264321410644,-1.0377900412133916,-0.37458774684362794,-0.16133966807598601,-0.4133881190055066,-0.7816387378610862,-0.6295887728054648,0.3101535486458244
6.9738692296773745,9.960131925600837,-3.366484656819967,0.7827503882232899,2.8336544557719017,2.514424392993491,1.0317896584016495,1.3967113919418799,-1.2327403706451154,-0.7565618997343282,-1.0751555143503924,0.5299356887739572
-2.3174583710123295,0.4302993099085921,0.5570600962842002,1.5289497645420813,0.38794234693997426,0.6004892432851396,-0.26049506847361487,-0.6809003944220196,0.9625940430908286,-0.13784502421796024,0.1688203868360289,-0.5581124782531257
-2.4227041538249847,-1.3594747596124828,-0.31249699254609153,-0.36203746390355096,-0.6729205535825107,-0.3863912775739098,-0.15576948263817095,0.13449656084825395,0.2948149147981095,-0.5180721695305774,0.062447796386164676,0.06814378797453292
4.814128594129231,-1.1205166874393926,0.3044082164094565,0.8851459259058972,0.25989556765853905,0.3699784129562693,0.29947223197937023,0.9205452349762641,0.348506057898005,-0.6678008981839036,0.9542750751366897,-0.6922440373318883
-1.3030068874950347,2.52346578232037,-0.2510495388675427,-0.7264963410684909,-0.45300176341047316,0.21002568288961476,0.4275272955033029,-0.3050289349249466,0.30618109073048333,-0.4582968621860308,0.04264829760056172,-0.3410243318011655
-2.1899950669766954,-0.3029533407723215,-1.1366207624177236,-0.016295730659683448,0.12543047218956638,0.3984827018928862,-0.2887832588514575,0.2378919391042152,0.3421558252144818,-0.5272676839094823,-0.19936722607532947,0.11244920499382755
0.3457728961792739,-1.56720630704917,-0.531007389902041,0.7291977423783905,0.41173534018283087,-0.7170959469301174,-0.06292511240142641,-0.3334402439135346,0.38411886319589567,-0.8621696512910019,-0.02308023721372443,0.15659350940992467
3.6856512306858944,-2.2725882435798255,-1.1497943987819443,0.7539852971620447,-0.42989568103400383,1.488482197391441,-0.39254290093462835,0.5570235009427745,0.7270178665866566,0.3045361364827783,0.09866259410487008,0.5204915617999138
-3.9909737840800537,-1.152347313190274,0.22334303885394916,-1.736786403319621,-0.49167558257896554,-1.4618088836728298,0.5275570346023848,0.013288387900392542,-0.04193402527933144,0.28261693789771025,0.42518786315242596,0.008453744324033247
-3.2394265672135747,-0.3181755379873254,-0.868326994425155,-0.5270072915549305,-0.20858642718057943,0.114961957119516,-0.46928255375358624,-0.7937040938258678,-0.18105354007971666,-0.018080280516113115,-0.09702800889556029,-0.2807361001076776
-2.036190009410593,0.2911514850106894,-0.5061205651550917,0.6260221651128914,-0.07168469706596414,-1.1954578034032068,0.4183495705760507,0.26866592696288594,0.5429041952849327,0.06632442939340111,-0.49135666259518684,-0.25865312483373964
-2.9865280121332205,-0.36076890530217987,-0.571248803934308,0.25878504601832086,-0.6937796345010881,-0.2279128389263315,0.2545184425806451,0.13039489993478287,0.07340668774984535,-0.24316647902583277,-0.3719938616176659,0.172827003941155
-3.664685387177441,1.6459309995366471,0.36857952482592865,-0.5694950147632051,1.5946383255528136,-0.8927517637885268,-0.22780502282572224,0.4902864522793835,1.2427058142990683,0.544833110913226,0.9795052026543292,-0.8888707372574116
0.8235587368187065,-1.6319159070464426,-1.1043649633912191,1.1876125880428747,-0.10494639231030288,0.15685648241228,-0.09403478534525739,0.30358077497864694,-0.06514993660026429,-0.733439916779634,0.350808696018267,-0.042848868232356355
-3.3740204522059374,0.846029971313191,1.5280414610802344,0.03465872379731362,1.1469213935876776,-0.13242127144873705,-0.5359731333011477,0.30600085923836856,-0.35528644837223833,0.23969724188664066,-1.7722895862497816,0.2222238796073595
4.910229511196017,-2.400060786179352,-0.4999705359044398,-0.585239998379754,1.3531377643738915,-0.4132965715241833,0.11341628464029013,0.1580933133519771,0.4661945991982677,-0.6819370309019801,0.5553924923629245,0.0016538295130232566
-2.2380882617485947,-2.376137965166387,-0.6936877360486678,0.026044847440058624,-1.169352151295076,0.016018732267795842,-0.29979138762667473,-0.20575870171369248,-0.6059890729609391,-0.3902192602973539,0.3102912967544511,0.2678143441434657
-0.48396973813424976,-0.21136482588345554,1.4057960238995821,1.6830071520018903,-0.3930589039816898,-0.8240989728620013,0.03191991040410692,-0.026770295803418765,-0.5758117344515421,0.35451188487632496,-1.2961038962542104,-0.23045413989310126
-1.854233120020038,-3.0595775183408245,-0.6508029400695053,0.9806842386353815,-1.1687592225534316,0.5477158827822501,-0.049352302317614054,-0.14902059276904608,-0.013166310474481399,0.13160956469434634,0.47825845841787806,0.26792804894627364
6.053584255713985,7.315970731107463,-3.4808648891368237,4.158500705344536,-2.1515645986688448,-0.5215400770580155,2.115559593653662,0.625031736582181,-0.637114508023662,-0.919646678564883,1.1271074350078176,-0.33512450193431825
2.6021214690647176,0.5131646905815912,-1.86840500772287,0.030733029531119675,-1.2909283389498238,-0.455935157772439,0.1277576458050597,-0.5917108735206378,-1.0539346071076259,0.7657324749477333,0.054305075166554195,-0.04397033649706172
-2.795763228663319,2.309842792674722,-0.27804803961602675,-0.24035493526497215,-0.47817067627099,-0.7271091732943114,-0.05384501847812786,0.9828014500387586,0.000545703468688057,0.006982117169255217,0.130729224218626,-0.16606915415075943
9.023303473957402,-0.7881750551537147,0.6511007163862054,0.514634437068425,-0.30538431124844995,-0.7860795611906772,-2.4408755590775173,-0.17586043641378438,-0.5405283405169333,1.474437802069475,0.46541712388519246,0.3752913959224334
-1.4463734018069545,0.43811638481603743,0.61206308039929,0.3451956150318542,0.7951618889988872,-1.046114123573178,0.3178382009518455,-1.4124499254905327,-0.7726612542126579,-0.7379541920927165,-0.32518732911458276,-0.23493424642156974
-2.9633459479894637,1.8438929399438182,-0.5060124939569541,-0.14598645698017831,1.4290042998932826,0.003780977042993709,0.42381537445422185,-0.19742049146261317,-0.049680102377237204,0.24403219896203496,-0.4243729174674657,0.31328969551705804
-1.9022090017093363,-1.7514160011459499,-0.35623885083346013,-0.5121024268821573,0.1733333091629118,-0.2423180434651318,-0.32508194004878166,-0.764653251938751,-0.4910448189029953,0.5675370134281525,0.15870447648136637,-0.287912663388434
-0.21327128040722,2.259661049260716,2.0544209790545347,0.0004250368524846009,-0.4147304022538947,-1.5996194016057095,-0.8170873669940407,-0.07551676102291396,-0.4859578057331388,0.5041605857782446,-0.29494503004929246,-0.7853432800582696
-0.9718218983991965,0.90247343042469,0.2475413614404567,1.2591286178480403,-0.19593041730086164,0.3095279278016947,0.024232406412157965,-0.22080925989437428,0.3195289654305993,0.2287259846937369,0.12326545523203489,-0.5676463235192942
3.839081257625144,-1.0598837149628633,1.1527464498162334,0.5392213129946802,0.9166771615500334,-0.7930440387018406,-1.081173392969439,0.297900599281047,-0.539717784125711,0.9724403276327775,0.6482297836295556,-0.0770652597698958
3.5578954385180364,-1.6275703648534983,1.7045881936175185,0.38977265528530897,1.1860746372341484,-1.2876136245757583,0.022341871806349008,-1.638090299075991,-0.025172586633422138,-0.9762479654948932,0.04102378180103553,0.2212621927185966
-4.057952304383129,-1.2594375267913949,0.8138998206758818,-0.14226578405656726,0.6012362886946906,0.8448856755926086,0.3482983188860547,0.1829105976552344,-0.31826787510288757,0.3271064309873592,0.13756742905112784,0.46961978748843514
-2.935360444335511,-0.451990307245121,-0.7201179952610339,1.8584729423559723,0.24864570659972154,-0.2866824592416763,-0.14614282419996613,-0.5480080098857503,0.2148778741212622,-0.8400959646124966,0.6375626255983781,0.016913635842607667
6.013725322438825,-6.86574174228468,1.7935910164397313,-2.282113894042432,1.7277022954841166,-1.029598748010949,2.045372494563885,0.06921146037388043,1.7604850005979968,-1.3724791584980045,0.606656219907783,0.3709887297379444
-3.550258068100384,1.7184371012745558,2.1041782873260884,-1.4891209664087257,0.919907731408923,-1.656474793912256,-0.7579599868182919,0.7137844400518014,-1.1179127771733768,0.24925178769803763,0.2581396276507478,-0.14759320719510965
5.213327052861081,-2.109064852869962,-0.3895661555192765,0.1059940437741916,-0.2895221516713174,-1.535962126532315,-0.23008296309016507,-0.4587059405439578,-0.46829248717236027,0.8024315883927703,0.3686811334954166,0.2107804424017807
4.857950504789384,-1.552570825214713,-0.9596730144913038,0.19525053217517419,0.1694945938502213,-0.548619558190066,-0.4346426995020363,-0.4653385259404762,-0.6398174824744559,-0.06645564134676941,0.8979531901146509,0.765799235816602
-0.38813809020033696,-1.0241667069307079,-2.2460986083772054,1.0826509487284108,-1.0765995904221026,0.4080361519888617,0.4766963139215181,0.34079242528519166,0.19828162234787178,0.48449715887954714,-0.24677023465912168,0.31525974779002863
6.970517342787102,-1.661967295049695,0.596465954345213,-1.3570895087803165,0.6129890555720352,-1.105442975060595,1.4837714893448657,-0.5225747141616008,0.39331968168741,-1.111558596877555,-0.21649794789252663,0.5049451521276531
-2.3211384056046542,-0.6915269534388211,-1.8191406107387473,-1.5462127546034905,-1.203695270693228,-0.769212325998724,0.651550574455844,0.14814000830804705,-0.7697649555979438,-0.33471309232980206,-0.2807889354411212,0.5042899515217522
3.243388644924335,-0.15436080153497822,-2.921268730770695,-0.15999091033789883,0.1612289725896512,-0.9166803518632373,-1.297881325801306,-0.8204147859074575,-0.10532504754728492,0.8197108486365179,-0.0012814452419637398,-0.322663125145555
0.9188917218230069,6.7930540165444135,4.221199917249352,-0.5267599591504689,-2.245104831707093,-0.6874625912033172,0.7953279531294839,0.8239210670920226,-0.3910273110793492,-0.23853123312847394,0.31542172681278297,0.8492915964720116
