method,augmentation_ratio,train_samples,minority_train_samples,majority_train_samples,accuracy,precision,recall,specificity,f1,roc_auc,pr_auc,minority_recall,minority_precision,minority_f1,minority_pr_auc,tp,fp,tn,fn,training_time_s,inference_time_s,seed,qgan_qubits,qgan_depth,qgan_epochs,qgan_training_time_s
Original_Imbalanced,0.0,398,148,250,0.9882,1.0,0.9811,1.0,0.9905,0.9976,0.9987,1.0,0.9697,0.9846,0.996,52,0,32,1,0.034212,0.000779,42,,,,
Class_Weighted,0.0,398,148,250,0.9765,1.0,0.9623,1.0,0.9808,0.9976,0.9987,1.0,0.9412,0.9697,0.996,51,0,32,2,0.011647,0.000888,42,,,,
SMOTE_r0.25,0.25,424,174,250,0.9882,1.0,0.9811,1.0,0.9905,0.9982,0.999,1.0,0.9697,0.9846,0.9971,52,0,32,1,0.010803,0.001371,42,,,,
SMOTE_r0.50,0.5,449,199,250,0.9882,1.0,0.9811,1.0,0.9905,0.9976,0.9987,1.0,0.9697,0.9846,0.996,52,0,32,1,0.014243,0.00089,42,,,,
SMOTE_r0.75,0.75,474,224,250,0.9882,1.0,0.9811,1.0,0.9905,0.9982,0.999,1.0,0.9697,0.9846,0.9971,52,0,32,1,0.012543,0.000903,42,,,,
SMOTE_r1.00,1.0,500,250,250,0.9882,1.0,0.9811,1.0,0.9905,0.9976,0.9987,1.0,0.9697,0.9846,0.996,52,0,32,1,0.012689,0.001586,42,,,,
QGAN_r0.25,0.25,424,174,250,0.9882,1.0,0.9811,1.0,0.9905,0.9976,0.9987,1.0,0.9697,0.9846,0.996,52,0,32,1,0.012072,0.000849,42,8.0,2.0,40.0,16.93
QGAN_r0.50,0.5,449,199,250,0.9882,1.0,0.9811,1.0,0.9905,0.9976,0.9987,1.0,0.9697,0.9846,0.996,52,0,32,1,0.012369,0.001055,42,8.0,2.0,40.0,16.93
QGAN_r0.75,0.75,474,224,250,0.9882,1.0,0.9811,1.0,0.9905,0.9976,0.9987,1.0,0.9697,0.9846,0.996,52,0,32,1,0.011778,0.001198,42,8.0,2.0,40.0,16.93
QGAN_r1.00,1.0,500,250,250,0.9882,1.0,0.9811,1.0,0.9905,0.9976,0.9987,1.0,0.9697,0.9846,0.996,52,0,32,1,0.014721,0.00094,42,8.0,2.0,40.0,16.93
