0,1,2,3,4,5,6,7
0.11657376,0.14719239,0.87136024,0.2500636,0.11661238,-0.07235952,-0.013937898,-0.12049937
-0.7391847,-0.0023315353,-1.7997048,-0.47807226,-1.6256533,1.3354765,-0.50834227,0.51457655
-0.06059183,-0.5817526,-1.0278147,0.050674707,-0.02604041,0.24217163,-0.6617791,0.31357586
0.08411702,-0.095794536,-0.119280525,-0.057852972,-0.036517803,0.045554984,-0.021993265,-0.01589867
0.19926006,-0.7151599,0.12710783,-0.44294813,-0.023910932,-0.30994415,-0.46844485,-0.008230273
-0.98909724,-0.03116068,-0.80334485,-0.09879971,-0.058539297,0.35708088,-1.5489249,0.9965979
0.5490319,0.25903058,-0.2587385,-0.88608557,-0.1269948,-0.6534009,-0.29365954,0.1910501
-0.38282254,0.46830398,0.42785576,0.027930012,-0.41775027,-0.79643434,0.6602819,-0.7405163
0.24218883,0.894636,-0.61893094,-0.5270845,-0.52321595,-0.1846696,0.6180712,-0.051132657
0.026982155,-0.4481292,-1.0960279,-0.4257888,0.5025427,-0.47499877,-0.5921099,0.14367282
-0.77360594,1.0485368,0.03879474,0.16124453,-0.810681,-1.6001626,0.98245513,-1.5429878
-0.9181953,0.44245484,0.36380905,0.29870042,-0.88013864,-0.7376964,0.022939939,-0.03229583
-0.2088181,0.3507869,0.9314145,0.66732407,0.06365678,-0.84907293,0.71115386,-0.6368395
-0.3162768,-0.6457058,-1.2798324,-0.5600381,0.08303628,-0.23131898,-0.24574639,0.09547976
0.4429006,-0.17518489,-0.18626335,-0.68829477,-0.075175464,-0.568823,-0.22938587,-0.0922724
-0.1183001,0.12923461,0.5510173,-0.17772932,-0.46038288,-0.33457989,-0.0035642064,0.05265775
0.049104773,0.45146546,0.47743332,0.28381845,-0.06783878,-0.4241259,0.5279035,-0.3438444
-0.31290537,-0.23929077,-0.7299989,-0.2056157,0.027316578,0.0039725387,-0.09396632,-0.07839012
0.12060665,-0.048689984,-0.050460327,-0.1174134,-0.10230155,-0.054958064,-0.037660565,-0.0042394768
-0.25753623,-0.84562737,-0.95968753,0.22596514,0.16784522,-0.055013705,-0.9080114,0.2225582
-0.8683484,-0.62107,-0.745524,0.35629505,-0.2907381,-1.3627845,-0.5541861,0.09474096
0.119932465,-0.63561976,0.29356372,-0.34233326,0.024715854,-0.43834063,-0.4301807,-0.16564605
-0.02151925,-0.48695943,0.19754098,0.3078124,0.26419106,-0.34855416,-0.3394598,-0.317131
-0.2983954,-0.5545061,-0.53873086,-0.5801843,0.14253698,0.09571199,-0.33880597,0.21387605
0.22095479,-0.50918394,0.1664,-0.04278858,0.06270381,-0.5764716,-0.12870076,-0.37154058
-0.33207124,-0.22150952,1.3884953,-0.45117128,-0.6915008,-0.80285406,-0.75075465,-0.08430354
-0.5361587,-0.19054523,-0.8047651,-0.09509793,-0.56988937,0.78676546,-0.35391265,0.6861688
-0.14011711,-0.3022854,-0.6660047,-0.3386857,0.3758232,-0.061673153,-0.16947924,-0.017760338
0.44230202,-0.58691293,0.0071642613,-0.39182293,0.15711218,-0.2148115,-0.3746511,-0.12500049
-0.5278321,0.08418952,-0.7595938,-0.0010064534,-0.18094985,0.4946657,0.02362506,0.2518536
0.068635404,-0.47064096,0.16142756,0.2880249,0.27290487,-0.44878313,-0.10042278,-0.3290821
0.2733286,0.011514283,-0.41820195,-0.21232969,-0.23489515,-0.008772625,0.062122766,0.0049178554
-0.057634864,1.2279339,-1.0973562,-0.36957318,-0.6712699,-1.0310035,0.65384907,-0.5325578
-0.2805613,0.27854937,0.8214785,0.5186601,-0.8869991,-2.2010455,0.28245622,-1.1860585
0.5075488,-0.23165062,0.24932183,0.051913355,0.34678292,-0.3016613,-0.101700924,-0.25080508
-0.41540217,-0.04895223,-0.6814351,-0.096901946,-0.13123654,0.34480342,0.026014002,0.070665285
0.016257785,-1.2770628,-0.8209894,0.5397738,0.17418785,-1.0641185,-1.3016223,-0.3136956
0.38676226,0.24230859,0.10603245,-0.00015613443,-0.06368563,-0.97016907,0.11568528,-0.72382736
0.93682027,0.38173738,-0.367091,-0.83369577,-1.020509,-0.5117598,0.7519721,-0.23992884
0.15621236,1.2052921,0.06439696,-0.94885886,-1.0975583,-0.47997835,0.5989879,0.09867698
-0.11043412,-0.5037756,0.08579963,-0.29056868,0.3387246,0.049705587,-0.6905664,0.3602668
0.010669234,-0.085131265,-0.11846083,-0.021512372,-0.046785217,0.013206578,0.011362529,-0.10429901
-0.46686655,0.31473923,-0.64549255,-0.017148053,-0.30874312,0.43150035,0.11883647,0.37136397
-0.9022288,2.0817413,0.81600565,0.43740958,-1.4117675,-1.5161633,1.977152,-1.4660172
-0.25245726,-0.46717197,-0.7762338,-0.2679059,0.38232866,-0.3192451,-0.11211666,-0.23563473
-0.041417032,-0.61203396,0.5044288,-0.04157289,-0.05521635,-0.6261205,-0.5944845,-0.31599256
-0.061666854,-0.018588308,-0.21046875,-0.28817677,-0.27332738,0.17659979,-0.11084732,0.287787
-0.24818303,1.1210557,-0.26523647,0.015620219,-0.5103591,-0.120299965,0.9522353,-0.21398202
-0.9113756,1.2191119,0.7907569,-0.19649364,-1.5151092,-1.0540158,0.5232938,-0.32758605
-0.053927697,0.4426001,0.08639455,0.13544862,-0.15918274,-0.11633983,0.19517387,0.042078324
-0.08541999,0.26912415,-1.0773891,-0.21164332,-0.2294935,-0.4505469,-0.07056575,-0.13659784
0.021522269,0.05621864,0.05186407,0.030759241,-0.026576,-0.065039836,0.06443869,-0.021218382
0.14990468,-0.43117154,0.40695193,-0.37412137,-0.274305,-0.73175955,-0.39654803,-0.13564727
-0.40983018,1.4734557,0.44840434,0.5756192,-1.1653659,-1.5310372,1.2435197,-1.2186476
-0.12475379,0.7458369,-0.9643237,0.29705533,-1.0053995,-1.1256821,0.3678025,-0.6724193
2.5649085,1.467085,-0.6597099,-2.588612,-2.545935,0.73474455,3.4220152,0.2837122
-0.49628633,-0.1304672,0.16328493,0.35781577,-0.0012472941,-0.5261149,0.12402254,-0.34455884
-0.25964838,-0.21262796,-0.30636442,0.1246952,-0.23538898,0.27675205,-0.5098022,0.18564402
0.21923523,-0.62766665,-0.10855176,0.16305284,0.12415043,-0.42426014,-0.14278378,-0.2601865
-0.33709386,-0.025927953,-0.18603909,0.08053338,-0.05730455,-0.11505952,0.10816889,-0.15006776
0.22763348,-0.1909718,0.40637648,-0.44165054,-1.2162899,-1.7711354,0.07428202,-0.56190467
-1.8932811,1.3653301,-1.8432412,0.39946005,-1.3270618,-1.1251456,0.93251616,-2.0666914
-0.1708693,0.20129949,-0.434761,-0.1067048,-0.101263486,0.050015874,0.03331533,-0.073164254
0.22299075,-0.00041540514,-0.2422013,-0.33296987,-0.3027164,-0.5718843,-0.3514822,-0.059573483
-0.60233665,-0.27603877,-0.33269882,0.15237997,-0.4364806,0.29582882,-0.5073401,0.38073173
0.51576895,0.9773079,-0.7490972,-0.8989593,-0.70578486,-0.0020224967,0.41874215,0.6951678
-0.25977528,0.82096446,-0.65177685,0.7010513,-0.56218475,-1.1192783,0.9625478,-0.8632258
-0.061435528,-0.1961575,-0.30452958,-0.0608162,0.3412015,-0.25037578,-0.118800715,-0.15790525
-0.27277014,0.15025823,-0.95524096,-0.7795621,-0.08608851,-0.84665304,0.352222,-0.53122854
0.26471463,1.1973057,0.60213715,-1.4429586,0.52800345,-1.35158,-1.4089706,0.09531762
-0.3261532,-0.22705133,-0.5028916,-0.036752738,-0.06687564,-0.15504068,-0.1615858,0.032299716
-0.91704285,0.98471206,0.23062404,0.6465754,-0.82027704,-1.2388515,0.3747971,-0.7924499
-1.2537905,0.80026156,0.77633435,0.58253586,-0.89060223,-2.7873557,1.2709427,-2.0012136
0.16657853,-0.48697388,-0.046351004,-0.01313601,0.08642457,-0.6517457,-0.07928818,-0.3629103
-0.27954558,-0.19415592,0.04912584,0.5369401,0.2083433,0.19620526,-0.93770677,0.13218358
0.43203714,0.8399643,-1.2292969,-0.6459457,-0.59742284,-0.49915147,0.18427087,0.17473362
-1.3536509,1.2324033,0.7959151,0.22750904,-1.7152554,-1.8839605,0.77928114,-0.60280246
-0.36572602,0.49956357,0.96369505,-0.0911993,-1.4746537,-3.2300472,0.25592336,-1.44212
0.10885913,-0.6808546,-0.65274966,-0.1674659,0.4116412,-0.3104762,-0.23957822,-0.15750791
-0.71120685,1.7384384,-0.4674278,-0.05962151,-1.2439318,-1.685262,1.2753025,-1.6592877
-1.2920799,0.6850881,-0.48970357,0.41226956,-1.1058022,-0.22863695,0.51533633,-0.29620177
-0.095928945,-0.19070546,0.28249452,-0.4533477,-0.15170105,0.060731165,-0.65338767,0.451774
-0.3211788,-0.01751925,0.4627907,0.05947957,-0.35279986,-0.2700501,-0.08898519,0.10635599
-0.25678843,-0.22042811,-0.78144544,-0.31410182,-0.045032617,0.16671832,-0.038038954,-0.0059944205
-0.03266782,-0.5041013,-0.13522816,0.036948845,0.43510127,-0.05998811,-0.128079,-0.14078122
-1.263009,0.83306617,-0.17552944,0.5726948,-0.2493394,-1.637077,1.1456734,-2.0407407
-0.16654721,0.07222243,-0.420235,-0.08798822,-0.15530509,-0.0024615934,-0.009188706,0.018013172
-0.108241394,-0.30932146,-0.061888177,-0.7612229,-0.34934655,-0.7620875,-0.03225699,-0.13276403
0.15861587,-0.37640887,0.16819072,-0.8545074,-0.5024278,-0.45030046,-0.5946074,0.18263678
-0.10498131,-0.7676917,-0.4428573,-0.17734759,0.1866595,0.12817067,-0.47313428,0.29158247
-0.101899914,-0.5240035,0.031613894,-0.29410017,-0.019436227,-0.28656825,-0.31606114,0.1441601
0.036115702,-0.41163126,-0.07362147,-0.3813278,-0.018861001,-0.13947582,-0.33126646,0.16817345
-0.14047734,-0.5401156,0.62467104,-0.69366795,-0.3059193,-0.17104526,-0.9249908,0.22855535
0.045579735,-0.20734565,0.06947626,-0.11602747,0.07607658,-0.036784537,-0.15130399,0.10016972
-0.49125376,0.2977635,0.96793485,-0.37864253,-1.004065,-0.2787883,-0.16932845,0.20054477
-0.47675672,0.4612642,0.57133126,0.65636575,-0.49677235,-1.3590089,0.53694993,-0.69486004
0.019596428,0.013397509,0.44578856,-0.2357453,-1.3052872,-0.98714197,0.5362691,-0.26501125
-1.2727057,0.45779943,0.6875984,-0.020046212,-1.556986,-0.62135977,-0.37470675,0.45246753
-0.2669821,-0.30307895,-0.48095417,-0.21498379,-0.29328167,0.59072655,-0.4029192,0.6948788
0.25342873,-0.8812377,-0.76998484,0.18741365,0.035919055,-0.6991753,-0.26873404,-0.08136685
-0.79823667,0.62929595,-0.17961319,0.27651048,-0.33851355,-0.9457451,0.8468131,-1.185186
0.42492172,-0.49083766,-1.5917522,-0.38695914,-0.7706838,-0.57990086,-0.6816522,0.24033186
-0.4811238,0.12784922,-1.0541079,-0.19832502,-0.13765697,0.10106808,0.04338925,0.013874723
0.035567522,-0.2615442,-1.1510428,-0.682607,0.13866511,-0.5542367,-0.13816676,-0.07382868
-0.14814627,0.05719981,-0.31809366,0.3537008,-0.13307083,-0.4533411,-0.5693533,-0.16444847
-0.2878411,-0.04810987,1.873701,-0.616513,-0.9165932,-0.67497784,-0.34182885,-0.2203429
-1.2401506,1.0899919,0.23453875,0.4700382,-0.9463811,-2.2188435,1.0022846,-1.5820191
-1.1432493,-1.0610667,-1.0843699,1.4276731,-0.6501317,-2.2523992,-0.68094134,-0.35851428
-0.006290731,-0.109245636,-0.29425108,-0.11717203,0.29734427,0.134888,-0.070045196,0.14661811
-0.65836114,0.6157819,1.7377423,0.007442348,-1.1763247,-0.973997,0.55577236,-0.27410302
-1.6400874,0.44539955,0.64987254,0.40519533,-1.6381375,-0.2540618,-0.16086717,0.6265589
-0.0836165,1.0365312,0.9200182,-0.24105234,-0.8681646,-0.35550457,0.6573792,-0.2844053
0.4494549,2.0381901,0.37293106,0.5711792,0.9518998,0.20208718,1.8329409,0.11951723
-0.30896112,-0.29709184,0.07209409,-0.081856295,-0.19534776,0.021485604,-0.41749507,0.33123928
-0.12323477,-0.65867144,-0.19818012,-0.06853488,0.16738307,0.09955571,-0.49547386,0.24309753
0.1944873,-0.58993274,0.1211916,-0.6614064,-0.08176738,-0.45142463,-0.54623306,0.074397795
-0.28992605,0.04040047,-0.2349089,0.22504246,0.27522108,-0.5249574,0.34845296,-0.49137765
0.5716601,0.07477367,-0.3813726,-0.778028,-0.30025277,-0.60090554,-0.14151591,-0.004924783
0.021800093,-0.53763336,-0.048376985,-0.35713297,0.13030843,-0.13516748,-0.2664139,0.023516828
-0.7127589,0.46161523,-0.9037314,-0.17114928,-0.89513177,0.49092808,-0.014744312,0.1759061
-0.47304657,0.28789884,-1.2878138,-0.09033088,-0.81574315,0.29749194,-0.4080305,-0.17409867
-1.1398782,-0.49640685,-0.6245573,0.8136239,0.5282273,-0.37891906,-2.7147856,0.43872562
-0.114867106,-0.36488128,-0.65185875,0.16975774,-0.32704273,-0.23671791,-0.29298055,-0.10182715
0.11981886,-0.43638363,-0.1592061,-0.08405755,-0.074866176,-0.5939226,-0.36817208,-0.09500154
-0.23498942,-0.39251393,-0.668603,-0.52838945,0.06813985,0.1912231,-0.29529276,0.32642582
-0.5532838,1.1096025,-0.11162801,0.75757456,-1.0931473,-1.5701689,0.5630211,-1.1818234
-0.08970309,0.242003,-0.2315985,0.25533423,0.01611732,-0.54443705,0.12302314,-0.6004323
-0.50451624,-0.032831512,0.0015759822,0.056590002,0.3214517,-0.25388405,-1.7087033,0.31446886
0.14402622,0.1541291,0.057750087,-0.3951425,-0.3066784,-0.46731284,0.072064236,-0.29458085
-1.0149028,1.0024405,-0.19765483,-0.79731536,-2.969718,-0.50214285,0.1600905,1.0117785
-0.0026090762,0.44692641,0.26975042,-0.044055503,-0.10532407,0.12382835,-0.16258678,0.37625286
-0.5378564,0.020520296,0.16349693,0.21153657,-0.15083903,-0.8110804,0.2203398,-0.48245266
0.10836329,-0.2535741,1.1662725,-0.20766695,-0.41040167,-1.1579539,0.16305001,-0.7391434
-0.3013097,0.39912522,0.2165632,0.7977906,0.3884915,-0.41219386,0.782431,-0.650568
-0.6196187,1.1256453,0.21899176,0.60504967,-1.0311935,-1.72598,1.0626298,-1.1074198
0.038832024,-0.50248826,-0.080728665,0.0109605035,0.20387606,-0.24855249,-0.07699966,-0.16351555
-0.5965904,0.019841434,0.4568116,0.5458355,-0.13038215,-0.859232,0.2751558,-0.46886125
-0.40783978,-0.156762,0.8994242,-0.056564286,-0.589287,-0.4909577,-0.48046896,0.054109585
-0.49351898,-0.24195679,-0.43232793,0.6294498,-0.06282687,-1.2122619,-0.13986969,-0.52356
0.2260896,-0.26359087,0.027868269,-0.48604304,-0.37871635,-0.10567287,-0.2989662,0.03649346
-0.04788937,-0.03427749,0.45600092,-0.57720023,0.21872948,-1.0013508,-1.0190022,-0.2584274
-0.014054774,-0.39253485,-0.16855463,0.11048768,0.19717553,0.09852213,-0.13682474,0.014695703
0.07772362,-0.9193121,0.5213494,0.51649755,0.9501632,-1.1228645,-0.7492588,-0.9650813
-0.05033614,-0.39634582,-0.2928791,-0.3590656,0.012686843,-0.20179349,-0.27865365,0.13774258
-0.19153956,0.06570456,-0.66154623,-0.23157963,-0.08608502,0.08790116,-0.078639,-0.15906733
-0.4375269,-0.039919212,-0.53564316,-0.027604591,-0.20783752,0.36257896,-0.019305652,0.1843556
0.40340978,0.99923617,-1.1522962,-0.59149,-0.88075614,-1.1084805,0.05834098,0.0037879993
-1.2852185,0.33762148,0.1464963,1.1308204,-2.3618436,-2.7428288,0.5271471,-0.56028676
0.16226286,-0.20504689,-0.30742446,-0.6832393,-0.53442705,0.04813863,-0.34638205,0.29732904
0.029381817,-0.69413376,-0.38796237,0.22750567,-0.020668369,-0.44471833,-0.43588454,-0.14965442
0.00865396,-0.17205681,-0.8558423,-0.26156595,-0.6928045,-0.036250185,-0.3396859,0.110271536
-0.21029598,0.09934665,-0.12721524,0.0012352251,-0.12009001,0.17075369,-0.08444647,0.207509
-0.33227178,-0.40695402,-0.3703686,0.7222819,0.16833983,-0.6315378,-1.1534446,-0.2558099
-0.26574075,-0.05151628,0.21146259,-0.13738048,-0.19539234,0.25589013,-0.37116715,0.44935986
-0.47848704,0.87654036,-0.8543473,-0.33209065,-1.098139,0.5469432,0.50650287,0.28545654
0.015692905,1.0017345,-0.35267112,0.6397606,-0.6941921,-0.43841293,1.1727171,-0.3354013
0.0041122525,0.09288224,0.26024404,-0.2756111,-0.59033316,-0.5943746,-0.12642524,-0.11353959
0.19299187,-0.7202068,-0.41396195,-0.5040164,0.07423233,-0.76931965,-0.20467833,-0.25123462
-0.8532422,0.5295642,0.43173644,0.7093025,-0.30874547,-0.8727985,0.5671826,-0.74340326
-1.3647057,0.17048784,0.72327197,1.1472615,-0.9372952,-2.2188077,0.123099945,-0.39862525
-0.35461125,-0.12751028,-0.4270058,-0.042514343,-0.16540915,0.23716569,-0.19425216,0.33036923
-0.25603056,0.45979685,0.06295885,-0.06783986,-0.7161553,-1.0713906,-0.03387678,-0.25756952
0.22117443,-0.91267216,0.032028645,0.11517627,0.38699007,-0.47071415,-0.27070743,-0.36908516
-0.42225024,-0.41360712,0.009451917,0.16778457,0.75885034,-0.22388959,-1.1365741,0.13825676
-0.69871277,0.008378923,-0.95612365,-0.098604225,-0.29231092,0.43893236,0.008202928,0.29195765
-0.014009948,-0.3799437,-0.04760415,-0.24875423,-0.18592004,-0.12074487,-0.27817285,0.23870412
-0.15344837,-0.27099958,-0.38365054,-0.3462395,0.036037248,-0.04016567,-0.1556817,0.03931384
-0.12032816,-0.78513014,-0.4672134,-0.24038957,0.068397544,0.27330858,-0.72716767,0.45527717
0.0038021991,0.28470802,-0.7782479,-0.6505358,-0.18369643,-0.3720649,0.22218427,-0.12311673
0.30558914,0.09128054,-0.7083661,-0.22551157,-0.3813771,0.02926655,0.01650589,-0.4466361
0.11560142,0.23870963,0.4748232,-0.14104721,-0.43396732,-0.7650716,0.24133338,-0.30605552
-0.76655066,1.0231094,-0.9715136,-0.07515751,-0.54873425,-2.0022702,1.1726785,-2.1178699
0.1062791,-0.46176124,0.111696236,-0.3299319,-0.056914892,-0.20050783,-0.4246253,-0.018389212
-0.041572493,-0.78764,-0.33688864,-0.5247818,0.27775982,-0.067781985,-0.5510661,0.31398624
-0.09976179,-0.6209806,-0.99554074,0.15947038,-0.24545914,-0.14473617,-0.5705296,0.08516528
-1.2710106,0.081494115,-1.9851139,0.06526167,-1.317619,0.7112867,-1.0292091,0.27821568
-0.5498733,0.2960851,0.64462006,-0.034894757,-0.9194073,-1.2640804,-0.1775755,-0.0043299217
-0.3781754,1.3410842,1.3438534,-0.11742344,-1.1647524,-1.3004885,1.2350706,-0.6643846
-0.5393448,0.08538655,0.27391353,0.108440034,0.08837139,-1.0730742,0.58865684,-0.89351356
0.039708108,-0.5245953,-0.30510908,0.13654542,0.14055125,-0.12664443,-0.23026316,-0.022197094
-0.14409609,-1.0522759,-0.41465297,0.26476932,0.51938254,-0.123412,-0.57831043,-0.0035111671
-0.25164846,0.06856134,0.26583174,3.5924106e-05,-0.39524895,-0.66323775,-0.32371765,-0.08389007
0.055665463,-0.3146105,0.38869333,-0.34771493,-0.119468264,-0.28029412,-0.36278453,-0.031047732
0.02907643,-0.023550395,0.5464358,-0.3681559,-0.5516858,-0.50963163,-0.23694873,-0.08684349
-0.34322923,0.5777618,-1.2868651,-0.42261413,-0.653489,-0.44342598,0.17545155,-0.2526052
-0.3135175,0.2953893,0.9059905,0.20520747,-0.66477257,-1.4037422,0.47032598,-0.58397335
0.56810623,0.5339383,-0.47361413,-0.6957476,-0.020332837,-0.120528996,0.30202582,0.15333813
-1.1070977,0.030739209,1.7662635,-0.7123959,-1.8502829,-0.32648146,-0.86919874,0.7772142
-0.090025395,0.2200454,0.037449982,-0.63519275,-0.62214863,0.6625658,-0.4339788,0.8417437
-0.21812421,-0.40946126,-0.24315555,-0.08042632,-0.16062939,0.12779857,-0.24123064,0.38196543
-0.019735843,-0.20598537,-0.44363192,-0.79540986,0.24105233,-0.31701255,-0.18486783,-0.10138995
-0.51859,0.80106056,-0.041371673,0.113798834,-0.48130804,-0.6015639,1.0452967,-0.8846007
-0.07787526,-0.5857005,-0.8012014,-0.26224747,0.41211894,-0.25360197,-0.44223443,0.11421921
-0.07650027,-0.46019343,-0.7121579,-0.68534374,0.18472998,-0.29526815,-0.2549069,-0.19356957
0.07704026,-0.63467526,-0.7347291,-0.9698964,0.09996428,-0.49957365,-0.38610694,0.15934406
-0.21705486,0.47928482,0.58230424,0.4020198,-0.3377011,-0.74307173,0.36057836,-0.5822931
-0.042972576,1.040729,0.8157176,-0.43650588,-1.1453822,-0.4851555,1.0971571,0.0036537545
-0.5678301,0.30241024,0.71479857,-0.9668924,-1.3319714,0.2797752,-1.2679969,1.1026075
0.26834047,-1.3770053,-0.435964,-0.53745234,-0.02806958,-0.7792824,-0.86424917,-2.8507955e-05
-0.040881485,0.10754079,0.11929921,-0.11771919,0.37168604,-0.18983173,-0.825946,0.1871826
-0.52926993,-0.4556917,-0.10786318,-0.019207,-0.05853177,-0.7522276,0.09001775,-0.30892447
-0.21415287,0.08596636,0.08127955,-0.28586176,-0.3383937,0.25889087,-1.0135337,0.7224316
-0.55232805,-0.08310907,-0.23505859,0.40161827,-0.2375099,0.29421428,-1.2915254,0.36678395
-0.18684502,0.26796806,0.029577304,-0.07752454,-0.5304848,-0.38581133,0.014481511,-0.017565882
0.89575666,2.568877,-1.2079015,-1.0939329,-1.3230108,-2.0330975,0.53160894,-0.03586001
-0.29038325,0.08350905,0.5811627,-0.12535465,-0.516504,-0.55612063,-0.22809184,-0.13713285
-0.31383765,0.29017597,-0.45274624,-0.03200777,-0.19583295,-0.0072217905,0.12714359,-0.15488642
-0.6112753,0.9912857,-0.7145754,0.85401094,-1.059432,-1.0955796,0.7059108,-0.7827422
0.029186008,-0.42212072,-0.41694713,-0.10975696,0.32608503,-0.080861695,-0.33053288,0.12772715
0.104827456,-0.039401963,-1.4766928,-0.4745302,-0.2702309,-0.06913676,-0.08957451,0.023916274
0.05674233,0.26389664,0.28650543,-0.52895665,-0.42473307,-0.40333325,-0.21539275,0.013981644
0.22616187,0.54098976,-0.54414904,-0.68643755,-0.29849133,-0.16579545,0.23825042,0.20568156
0.116722316,0.27733955,0.40884316,0.4146311,0.61100817,-1.1935984,0.8183362,-1.2615502
0.19518027,0.177887,-0.2602544,-0.46013704,-0.021919817,0.012761819,-0.04368588,0.1883224
-0.06911187,-0.025966004,-0.68796355,-0.6611445,-0.19082636,-0.2532086,-0.059199262,0.019442603
-0.36707637,-0.44690144,-1.125241,-0.37019852,0.27999055,-0.014468106,-0.25631714,0.03057844
0.30476978,-0.33278364,-0.15691894,-0.54807645,-0.22861359,-0.816121,-0.53385735,0.016527517
-1.1690533,-0.37587008,-1.4000932,0.17880394,-0.70216984,0.83225006,-0.42682648,0.6551376
-0.16645029,-0.14137629,-0.27317858,-0.13238709,0.08612741,0.18073821,-0.27331853,0.30379307
-0.741327,1.1437349,-1.2278823,0.0071309176,-2.6211603,-1.8548985,0.7176595,-0.4599513
-0.9927016,0.015562923,-1.2167172,0.42827922,-0.4878321,-0.18250245,-0.15504338,-0.26605558
-0.85999537,0.06409545,-1.2737675,0.17899758,-0.63457006,0.58908147,-1.2636967,0.51573205
-0.66449165,0.6896089,-0.3815176,0.52836865,-0.4364183,-1.3533968,0.51127625,-1.179274
0.40570408,0.7342233,-0.39661857,-0.5573126,-0.461361,-0.2009582,0.2081588,0.20811075
-0.041007016,-0.34413725,-0.14732397,-0.0052677128,-0.30513194,0.29752222,-0.45200306,0.18574525
0.114529364,0.5867364,-0.34769705,-0.32964,-0.30390245,-0.22529887,0.3012245,-0.14588921
0.1913529,-0.07712096,0.19097109,-0.11581371,-0.13230398,-0.5184826,0.01571245,-0.26517212
-0.6697841,0.12659575,0.56778723,-0.4404367,-1.3393549,-0.9941363,-0.75280964,0.3067982
-0.7302944,0.38932446,0.5265712,0.4476658,-0.6170778,-1.4664239,0.58776885,-0.9840757
0.14494166,-0.18382321,0.24158145,0.11539652,-0.09267952,-0.5520979,-0.018294247,-0.33479974
-0.28516448,-0.1376154,1.1443517,0.14920533,-0.3272575,-0.71600986,-0.041889086,-0.36639968
-0.17526203,-0.16517717,0.34803078,0.24949022,0.06296494,-0.60986906,0.06697074,-0.32362399
-0.11653627,-1.0716745,0.5118374,0.33241913,0.4521845,-0.695251,-1.3928918,-0.36123607
-0.748348,0.10935208,0.0022452627,0.68963486,-0.53592265,-1.5329629,-0.31204164,-0.18671028
0.829226,1.6836486,-0.48867825,-1.179422,-1.5069401,-0.5518248,1.6095593,0.00482982
0.14115538,-0.3675615,-0.12240025,-0.4069309,-0.21257421,-0.87777966,-0.26129016,-0.16957816
-0.8681816,0.5892421,0.42120317,0.53444237,-0.57242537,-0.92312115,0.59392977,-0.4789322
-0.1303966,-0.14850637,-0.4318096,-0.3590898,-0.012802574,0.07604816,-0.06313595,-0.0065781707
-0.17035219,0.67901707,-0.32365662,-0.1851832,-1.0864887,0.65288424,0.13023648,0.72579885
-0.018350463,0.75376403,-0.23874976,0.5454584,0.042403936,-0.5386989,0.71421075,-0.74339294
0.28931478,-0.4789643,0.2128029,-0.25350794,-0.18597952,-0.8744315,-0.315169,-0.34921578
-0.5887226,0.3899504,-0.7776781,0.7656887,-0.7317722,-1.3638949,0.39626908,-0.7949227
0.14150478,-0.35273898,0.08637567,-0.14873062,-0.016289087,-0.12737799,-0.17237175,-0.08163679
-0.91793567,1.0193985,-0.59722245,-8.120385e-05,-0.75703037,-0.48075077,0.9238147,-0.7732524
0.17127685,0.11438817,0.042308137,-0.061388843,-0.21268463,-1.0094762,0.2834883,-0.7605157
0.19859396,-0.4436656,-0.46000022,-0.18583924,0.110162824,-0.2578228,-0.22939093,-0.0031192598
-0.7049873,0.21098971,-0.19666198,0.46134531,-0.045693833,-0.62829757,0.21781787,-0.64687127
-0.4251395,0.013011925,-0.023792297,-0.21626273,-0.61001354,-0.4435093,-0.63791376,0.26660195
-0.20274067,-0.52687645,-0.20864023,0.3468251,0.019366918,0.22512461,-0.45902935,0.081082225
-0.14606008,-0.10258971,-0.21033913,0.11796375,0.12645987,0.20292474,-0.7495434,0.26932293
0.009808014,-0.57825696,-0.3844725,-0.24553011,0.37134996,-0.33588883,-0.112180956,-0.22082798
-0.16103734,-0.78800464,0.52845126,-0.72943723,-0.27736843,-0.12489567,-1.0762101,0.37340617
-0.35268614,-0.033909213,0.38367927,0.1101996,-0.096096836,-0.7750157,0.23087068,-0.42997333
-0.23625982,0.00037490792,0.17081706,0.05682489,-0.354686,0.19146137,-0.61981577,0.28890848
-0.5826225,0.43046767,-0.6008556,0.07049149,-0.20225468,-0.19077827,0.35516062,-0.4791779
-0.64741933,-0.11785697,-0.44666442,0.4732305,-0.9308297,-0.7360687,-0.43847832,0.17505902
0.22993751,-0.3615539,0.069068804,-0.15204974,-0.11465252,-0.22523004,-0.10702166,-0.19854406
0.20182694,-0.35052758,-0.5699597,-0.3838561,0.22438234,-0.30212742,-0.20034349,-0.04042431
-0.8354041,1.0424334,-1.2342385,0.34262076,-0.91551936,-0.41348696,0.6516253,-0.96722376
0.101171,0.32482886,0.06426188,0.19431244,0.14228837,-0.23780085,0.29621696,-0.11664955
-1.3096507,1.1714523,0.5468276,-0.1518624,-2.2220314,-0.43494305,0.69709575,0.7723922
-1.5084667,1.2099862,-0.13919732,0.6648386,-0.92408496,-1.7056153,1.1632586,-1.5376811
0.5257214,-0.18413925,0.054948412,-0.1521865,-0.4351558,-0.99886596,0.030961353,-0.71788394
0.39172935,0.35637942,-0.46580905,-0.43253323,-0.71782553,0.140031,0.098653525,-0.12707874
-0.71566576,0.5015893,0.42569804,0.020423165,-0.99719006,0.020226814,-0.35528398,0.49114454
-0.09193614,0.44465983,-0.48764667,-0.35957426,-0.28071097,-0.077979565,0.26863277,-0.048801165
0.19163309,-0.7088878,-0.55760586,-0.22116077,-0.05293658,-0.26622042,-0.48312965,0.11735739
-0.46257997,-0.9014267,0.26275614,-0.2706609,-0.11187655,-0.021097606,-1.7563964,0.43430218
-0.03735244,-0.42861807,-0.023190377,0.08247405,0.2412768,-0.0771356,-0.17841387,-0.09351845
-0.07304127,0.36040944,-0.30046067,-0.19985297,-0.13776521,-0.06117354,0.2950685,-0.18875824
-0.5073348,0.33561176,-0.6499964,-0.093321815,-0.2672518,-0.2955121,0.08530611,-0.25958392
0.6902484,-0.01861468,-0.5414856,-0.8831085,-1.0608197,0.084846586,0.2756699,0.03323453
-0.33275577,-0.95811933,-0.3790627,-0.27803525,0.41075712,0.04347924,-1.2165236,0.586119
-0.04310609,-0.26517043,-0.16503887,-0.1862916,-0.025577895,0.07449582,-0.2729327,0.24765985
-0.027440822,0.27799132,0.57508594,0.6287074,-0.012820586,-0.23719943,-0.044374857,-0.29537946
-0.13640441,-0.284249,-0.22670634,0.1789007,0.11919572,-0.45708457,-0.41477782,-0.063095056
0.04153009,0.25970605,-0.04663502,-0.20804998,-0.05955163,-0.046005163,0.046433486,0.10852881
-0.9949012,0.76050425,1.0204762,0.5671399,-1.0218241,-1.6282619,0.8580377,-0.76313704
0.43512207,0.30411473,-0.66039795,-0.37033468,-0.15618148,-0.40394258,-0.008050692,-0.015973344
-0.666851,-0.18679237,-0.12065241,0.3211065,-0.18114987,-0.12341129,-0.05167334,0.12734675
-0.5315266,0.5234909,1.403982,0.059130657,-0.89948404,-0.74149644,0.25003746,-0.2540279
0.23987135,-0.07944173,-1.1076083,-0.36100075,-0.4665726,-0.711311,-0.26288047,0.065749764
0.2528785,-0.41617206,0.026581138,-0.41867292,-0.22467749,-0.4451391,-0.2695786,-0.040454064
0.020818565,-0.26036015,-0.28724226,-0.11124156,-0.0619339,-0.10947281,-0.26063922,0.07194818
0.31498384,-0.061009087,-0.20531514,-0.034243062,-0.23606111,-0.23944743,0.06262079,-0.23680525
-0.20620732,-0.4529709,-0.47165674,-0.1783013,-0.13959283,0.44470328,-0.31127167,0.5539876
-0.10103363,-0.7247814,-0.39740354,0.41096127,0.36358738,-0.29130027,-0.504969,-0.08020587
0.36128774,0.8687797,-0.7475315,-0.90466344,-0.7944376,0.033110492,0.36292425,0.640254
-1.3869383,1.1548523,-1.3546336,0.06594044,-1.1726301,-0.33738834,1.1251931,-1.0527394
0.10246409,-0.8476613,0.31747398,-0.62364066,-0.18434669,-0.4933332,-0.6008227,0.018765358
-0.18977964,0.39069435,0.12360634,0.052441213,-0.2326878,-0.61582845,0.3309948,-0.31098145
-0.24382293,0.36662167,-0.5941793,-0.18086533,-0.13131449,-0.15120786,-0.0034519897,-0.19917604
-0.022011314,-0.15017033,-0.610303,-0.30670258,-0.048169207,0.068302184,-0.04505137,0.0070775882
-0.08908615,0.55315346,-0.262701,-0.10741705,-0.48727843,0.66127133,0.013440487,0.7159201
-0.5154859,0.1006099,-0.038943667,0.42335346,-0.2046504,-0.59833825,-0.11779345,-0.28055578
0.18843341,0.36647752,-1.3616282,-0.2428577,-0.6452593,-0.5774105,-0.1596542,-0.2285964
-0.005067052,-0.37916446,-0.63077486,-0.08528768,-0.20959106,0.0091815805,-0.42800272,0.13754039
-0.900811,0.5511837,0.007477324,0.3133925,-0.6712218,-0.4275216,0.55374783,-0.29157993
-0.49900138,-0.691696,-0.26925576,0.77653635,0.40095028,-0.18984725,-1.1361572,-0.020213604
0.33789396,-0.45634043,-0.22940372,-0.6565313,-0.21473688,-0.6328441,-0.2632282,-0.081915
0.07554869,-0.08848269,-0.009684492,-0.02704415,-0.33189195,0.07418887,-0.41745296,0.086615495
0.2697771,0.39242047,0.4869845,-0.16265143,-0.62403136,-0.538226,0.8218381,-0.30828586
-0.053178925,-0.48030794,-0.8004214,-0.6048875,-0.023603853,-0.41603634,-0.27569875,0.056509003
-0.11750893,-0.6554842,0.13929082,-0.23363528,0.0060054455,-0.09388587,-0.65903217,0.1968813
-0.5629487,0.31019008,0.6138418,0.8152278,-0.30077708,-0.8809321,0.20982757,-0.5265018
-0.016268127,0.51260436,-0.5118242,-0.20965782,-0.5337637,-0.43916413,0.094146505,-0.096785195
-0.29580876,0.48439014,-0.34863335,0.539462,-0.5426998,-1.3958939,-0.010694796,-0.978432
-0.17759617,-0.9608812,-1.0208048,-0.14063779,-1.6356814,-1.2127109,-0.5974578,0.17695072
-0.551405,0.21942973,-0.4303661,0.19524336,-0.74097604,0.552593,-0.2443642,0.4789154
0.1570728,-0.9280035,0.22113262,-0.7768571,0.17160761,-0.34402013,-0.6739246,0.10981828
0.20813735,0.27254167,-0.4532513,0.29413852,0.3107428,-1.7000294,0.7106002,-1.1947112
-1.2330203,0.53312,-0.034598716,0.33644256,-0.75172347,-1.8519852,0.6908112,-0.8276559
0.08515472,0.1692334,-0.0407135,0.45135126,0.58700997,-0.35851508,0.39428982,-0.6808872
-0.05828463,-0.6034433,-0.19823304,-0.03694035,0.015250111,-0.189389,-0.32401815,0.10803374
0.41646117,-0.06489897,-0.14119336,-0.5309415,-0.44979522,-0.85996306,0.047031887,-0.28110436
-0.42281145,-0.32056674,-0.87702215,-0.074446835,0.3827614,-0.114119016,-0.4297196,-0.015406028
-0.1655694,-0.025998956,-0.6579116,-0.20068577,-0.017570926,0.21973594,-0.13177322,0.09084159
-0.123333916,-0.6195809,-0.32903293,-0.48424104,0.024784375,-0.18203521,-0.48001012,0.21696715
-0.070971556,-0.237334,0.017773902,0.20485058,0.022550557,0.06922352,-0.18283218,-0.03961796
-0.15294062,-0.077841714,0.37136686,0.39489526,0.18585311,-0.48364127,0.070456274,-0.38287163
0.114767976,-0.5806729,-0.038801257,0.081693105,0.14725755,-0.6348098,-0.4179565,-0.24101554
-0.4995385,0.059404954,2.4724858,-0.6898035,0.05922438,-0.96036327,-1.6633947,0.012152496
0.013017572,-0.552899,0.0045135627,-0.27921787,0.15396518,-0.1797756,-0.28370425,0.009859528
-0.5353499,-0.32148677,-1.0712757,-0.054585546,0.42259595,0.191872,-0.7193489,0.43375733
0.30365098,-0.13657357,0.031485315,-0.9287572,-0.23593758,-0.651815,-0.54658866,0.06274859
-0.1920696,-1.0784396,0.45190907,-0.5513296,0.09126446,-0.19084159,-1.1780965,0.2931506
-0.66862977,0.027374737,0.3220528,0.23725824,-0.15364905,-1.0730336,0.35225955,-0.7404117
0.07703621,-0.30392727,-0.61174625,-0.53392315,0.021467766,0.20305699,-0.1952052,0.2887999
-0.9042242,0.3695287,0.52931285,-0.012006831,-1.2369347,-0.8502113,-0.27494666,0.33969083
-0.13134478,0.30931276,0.20904322,0.6774253,0.09276927,-0.69710183,-0.039159242,-0.37116125
0.17090538,-0.684248,-0.0047903685,-0.2725112,-0.011525559,-0.74808043,-0.7067442,-0.1689395
0.19681019,0.17908008,0.048477083,-0.10884156,-0.104356535,0.1256592,-0.15050636,0.20109606
0.13193771,-0.7110606,-0.43490618,-0.15840946,0.011160495,-0.6669219,-0.45097283,-0.06420617
-1.0219473,0.825549,0.46564195,-0.0015191672,-1.1497283,-1.3141297,0.44092545,-0.4979913
0.088872135,-0.9374415,-0.10274905,0.48902905,0.30518514,-0.9120717,-0.19430612,-0.5333068
-1.1541388,0.22749932,-0.12193503,0.54380405,-0.38061732,-0.52470577,0.50537324,-0.5816602
-0.6802145,1.3875704,0.8306837,0.5001074,-2.2346783,-2.352852,1.3827442,-1.6795956
-0.57207566,0.06556402,-0.85611504,-0.080500394,-0.44586876,0.42419872,-0.02850705,0.17060433
-0.10838842,-0.20451799,0.16883682,-0.1863689,-0.16728908,0.24742582,-0.54046357,0.39515278
-0.17209987,0.17008522,-0.5966258,-0.42302877,-0.16628173,-0.14564717,0.039660767,-0.05749161
-0.051307544,-0.36078554,0.062371414,-0.072888404,-0.18271306,0.08924862,-0.34655944,0.1347314
0.06555323,-1.0511763,-0.11220723,0.08563771,0.5041285,-0.28340837,-0.49153355,-0.106489345
-0.5283511,0.42253157,-0.21721473,0.21548988,-0.10175611,-0.8002246,0.6239099,-0.78581935
0.1261942,-0.17637303,-0.24575287,-0.69960594,-0.39385027,-0.8254189,-0.0066821845,-0.17895932
-0.2204362,1.0784292,-0.625819,-0.2687942,-0.63967246,-0.1895354,0.767526,-0.2913157
0.82807714,0.9199293,-0.048758905,-1.0732466,-0.07260399,-0.44622937,0.28572375,0.046902105
-0.46664968,0.3025183,0.1430155,0.07111816,-0.6895846,-0.76445025,-0.22716467,-0.12194613
-0.73879826,-0.39694992,-1.5663332,-0.33643585,-0.1772271,0.3970502,-0.20114931,0.27815732
0.017595215,-0.027960198,-0.47899482,-0.22206582,-0.15444721,0.06931903,-0.1735924,0.08303896
-0.10906276,-0.8557577,-0.5440503,-0.33092844,0.11823542,-0.070597336,-0.47561648,0.25596592
0.7690919,0.7000822,-0.019077383,-1.3408898,-1.1125908,0.48856184,1.1140372,0.32730454
-0.15514697,1.5378075,-2.010733,-0.2821244,-3.5785196,-1.7623471,0.7724031,-0.76333815
0.009272884,-0.44257936,-0.016641961,0.20215173,0.14472133,-0.09424213,-0.17339613,-0.10694923
-0.47804564,-0.28184953,0.15997711,0.08652312,-0.40126678,-0.27207884,-0.30865133,0.33964348
0.86934584,0.027405221,-0.40281948,-1.910626,-2.138579,1.0590887,1.6180393,0.59242797
-0.021860693,-0.041203085,0.33460736,0.062736705,-0.18108244,-0.009781539,-0.28141597,0.020899666
-0.27157238,-0.25130427,0.029587917,0.27053377,-0.24258192,0.29278642,-1.0028313,0.2695464
-1.4958795,0.049134694,1.0519656,-0.85729724,-2.8443282,-1.5409942,-1.5506291,0.9807784
-0.18595468,-0.10644841,-0.5354717,-0.10079656,-0.31294677,0.31164852,-0.20056985,0.18006824
0.0071123764,0.0149061,-0.19887948,-0.32815817,-0.054552548,-0.096313305,-0.010731372,0.00092327036
-0.7827729,0.6613449,-0.070134096,0.44283682,-0.71869624,-1.031924,0.47723085,-0.5088467
0.3697067,-0.12309324,-0.111459196,-0.4946255,-0.18962432,-0.23901708,-0.23550977,-0.09144473
0.007388443,-0.317207,-0.07934936,-0.037401717,0.008094748,-0.13938603,-0.20710924,0.042754933
-0.2799074,0.04992793,-0.1293601,0.14247723,0.024157554,-0.20050399,0.06082253,-0.3007284
-0.87560356,0.37899977,-0.0298735,0.33731464,-0.6570499,-1.3077677,0.12743561,-0.4176643
0.07023696,-0.35819444,-0.16094632,-0.61722624,0.29078013,-0.20164432,-0.2638318,0.016045272
0.092170194,-0.46861666,-0.11703179,-0.11131984,0.048927993,-0.0069112587,-0.19657317,0.057307623
-0.103171535,0.10833314,0.1353356,-0.09396076,-0.11508736,0.11005628,-0.17154597,0.26457742
0.018251916,-0.042523935,-0.12676871,-0.2933628,-0.08774598,0.079118595,-0.17562416,0.27979678
-0.23803863,-0.5394857,0.10281392,0.06770726,0.54521304,-0.038032018,-0.7869301,0.1646673
-0.40598595,0.1283693,-0.11617264,0.113991804,-0.24873114,-0.38534042,0.04170529,-0.2933895
0.017832598,-0.12941472,-0.38005206,0.09639669,0.20930187,0.028761355,-0.36449024,0.1242653
-0.7238176,0.17056441,0.15597682,0.6512723,-0.10934873,-1.2353009,0.36901444,-0.968578
-0.189852,-0.022188256,-0.4420392,-0.41821754,-0.16494839,-0.14023374,0.05535267,-0.02092369
-0.08087805,0.7479088,-0.35446975,-0.0876363,-0.3685127,0.033105966,0.24979846,0.04290859
-0.4827659,-0.06263326,-0.6772088,-0.2444106,-0.16725841,-0.07644799,0.08369806,-0.04175763
-1.874461,1.1761492,2.0353382,-0.8862142,-3.2325048,-0.3820417,-0.49506262,1.5231535
-0.078893915,0.4928705,0.5847428,-0.20067063,-0.736051,-0.6345653,0.36285356,-0.23982279
-0.063751444,-0.06514953,0.11325187,-0.5366169,-0.017745804,-0.011851612,-0.6865695,0.35698467
-0.78013885,1.1497595,0.8894308,0.99536467,-0.88403624,-1.1973805,1.6429152,-0.67944586
0.22690432,0.07686333,-0.12567285,-0.08201136,-0.3105188,0.06038709,-0.08529678,-0.13239177
-0.10085725,-0.44453067,0.007809137,-0.11518461,-0.02922877,-0.091925256,-0.7408172,0.10666485
-0.05939132,-0.27548984,-0.14564714,0.015324896,0.099406205,-0.058543067,0.018163225,-0.20398612
0.43323687,0.54410464,0.06389017,0.023701943,0.10901974,0.14641748,0.42173907,0.019313408
0.022449115,0.22639577,-0.33591878,-0.21749862,-0.26895088,-0.04464964,-0.0034214677,0.07706104
-0.46653074,0.4906771,0.21472792,0.8908326,-0.029384073,-0.6943622,0.43177593,-0.59278893
-0.1940428,0.6772649,-0.40435246,0.50427026,-0.23761421,-0.505224,0.3147039,-0.9369486
-0.29968297,-0.40794596,-0.8365512,-0.10373804,0.25703782,0.1411745,-0.42063054,0.16638564
-0.28857577,-0.24666013,-0.12807228,0.056559287,-0.26598078,0.34772584,-0.2257568,0.32705376
-1.0258473,0.599414,-1.2493159,0.011154702,0.16361186,-1.8150713,0.9451156,-2.569545
0.2661769,-0.017080085,-0.056177877,-0.09772745,0.5340793,-0.030467512,-0.5919308,0.1093277
-0.529189,0.7594546,0.508539,0.3964205,-0.43312567,-0.7722863,0.92148525,-0.8168426
-0.5513733,0.5119408,0.62590295,0.45361027,-0.4141056,-0.8411697,0.6678368,-0.5880021
-0.43555337,-0.03920714,0.040958308,-0.025901014,-0.38499296,-0.44616395,-0.15229508,0.14055982
-0.3594613,0.9357341,0.13288745,0.22972943,-0.6350115,-1.4051036,0.8055361,-1.514831
0.14838153,-0.42230543,0.20318682,-0.7717122,-0.31565413,-0.6654885,-0.3764608,-0.009562399
-0.20679289,-0.109906524,0.9598049,0.32468402,-0.089935295,-0.66019917,0.25096068,-0.47668916
0.6971252,1.2135223,-0.2688421,-1.0666658,-0.91519165,-0.15711603,-0.12020353,0.5707102
-1.222964882850647,0.44906601309776306,-0.23133203387260437,0.5569022297859192,-0.2959066331386566,-1.3754234313964844,0.350494384765625,-0.9911185503005981
-0.7392899990081787,0.30703282356262207,0.15002375841140747,0.19969762861728668,-0.6814404726028442,-0.5001824498176575,0.6396719813346863,-0.653820276260376
0.07702022790908813,0.5431511998176575,0.4598401188850403,0.482299268245697,-0.1257181167602539,-1.4340827465057373,0.3134605884552002,-0.8481659293174744
-0.9577880501747131,0.6265021562576294,-0.012934781610965729,0.23902873694896698,-0.2645772397518158,-0.809790313243866,0.4453141987323761,-0.7141649723052979
-0.7114920616149902,0.2714836597442627,0.03377002850174904,0.1591026782989502,-0.22201746702194214,-0.9696950912475586,0.4177059829235077,-0.9099330306053162
-1.2386492490768433,0.43232792615890503,0.902622401714325,0.37166860699653625,-0.5205811262130737,-0.6837813854217529,0.4002281427383423,-0.834206223487854
-0.36902204155921936,0.5309445261955261,0.007305186241865158,0.4162353277206421,-0.43501538038253784,-0.25567448139190674,0.5783503651618958,-0.7274999618530273
-0.48929062485694885,0.5038835406303406,0.0588521808385849,0.6621795892715454,-0.34290051460266113,-1.4801970720291138,0.42479681968688965,-0.9181915521621704
-1.281813621520996,0.05452081561088562,0.3969933092594147,0.45375609397888184,-0.2881188690662384,-0.9523594975471497,0.401336133480072,-0.7994706034660339
-0.4982803761959076,0.27530133724212646,0.06800344586372375,0.6942265629768372,-0.003729015588760376,-1.8558210134506226,0.8075287938117981,-1.3528696298599243
-0.4795539081096649,0.5901214480400085,-0.48585641384124756,0.24364495277404785,-0.7721567153930664,-0.9933231472969055,0.9316043853759766,-0.9732181429862976
0.17508453130722046,0.5289766788482666,1.0252692699432373,0.4200987219810486,0.06501096487045288,-0.8873788714408875,0.7941466569900513,-1.0733247995376587
0.054802775382995605,0.3567626476287842,0.6569350361824036,0.5873866081237793,-0.743472695350647,-1.1620030403137207,0.8640296459197998,-0.9854686856269836
-0.3443390130996704,0.8165140748023987,0.21861524879932404,0.161453977227211,-0.4977191984653473,-0.05302196741104126,0.7020235061645508,-0.5453822612762451
-1.0320193767547607,0.4969630837440491,-0.344155877828598,0.40490493178367615,-0.627495288848877,-1.0188218355178833,0.9342384338378906,-0.803477942943573
-0.4908531904220581,0.8044984340667725,0.19870629906654358,0.0778735876083374,-1.0717366933822632,-0.8682104349136353,0.9887951612472534,-0.9477823972702026
0.5669578313827515,0.8585004806518555,0.13419930636882782,0.01836797595024109,-0.2897239029407501,-1.3196223974227905,0.5057629942893982,-0.9429865479469299
0.5001873970031738,0.4993252158164978,0.37852397561073303,0.6306476593017578,-0.5698158740997314,-1.1299577951431274,0.6745703220367432,-0.8229108452796936
0.4492989778518677,0.19701144099235535,0.12559930980205536,0.39050212502479553,-0.2588784992694855,-1.025977373123169,0.5534356236457825,-0.9405667781829834
-0.24621206521987915,0.6479425430297852,0.06089208647608757,0.7106301784515381,-0.6096548438072205,-0.9718685150146484,0.446470707654953,-1.1226438283920288
-0.3811895251274109,0.3788924813270569,0.10223431885242462,0.6387894749641418,-0.5863522291183472,-1.337450623512268,0.6539377570152283,-1.0531253814697266
0.6092653870582581,0.5777796506881714,-1.2391366958618164,0.30442947149276733,0.006608128547668457,-1.251636266708374,-0.1324145495891571,-0.934820830821991
-0.39311403036117554,0.5262319445610046,0.8216363191604614,0.46685436367988586,-0.6531658172607422,-1.3375126123428345,0.5502572059631348,-0.9530075192451477
-0.9528356790542603,0.459894597530365,-1.0087664127349854,0.5465736389160156,-0.7154953479766846,-0.8880200982093811,0.6404341459274292,-1.0151236057281494
-1.288374900817871,0.41024351119995117,-0.9019184112548828,0.465108722448349,-0.19177527725696564,-1.171299934387207,0.4242526590824127,-0.9352841377258301
-0.13736635446548462,0.4378356337547302,-0.03950218856334686,0.005429208278656006,-0.2601049840450287,-0.9127522110939026,0.45720747113227844,-0.708989679813385
-0.8323789238929749,0.23847809433937073,-0.08127464354038239,0.8014445304870605,-0.04288285970687866,-1.3532767295837402,-0.008782774209976196,-0.6473132371902466
-0.8233401775360107,-0.1774890422821045,0.0016316398978233337,0.23135045170783997,-0.4512549340724945,-0.7297039031982422,0.24199502170085907,-0.9833028316497803
-0.42564070224761963,0.10917440056800842,-0.0041534192860126495,0.7951627373695374,-0.1578390896320343,-1.4145076274871826,0.27011972665786743,-0.4012957215309143
-0.5462954044342041,-0.23634320497512817,0.08493494242429733,0.9688557982444763,-0.5543036460876465,-1.5626140832901,0.7479161024093628,-1.2547332048416138
-0.8685393929481506,0.49962735176086426,0.5437427759170532,0.4174737334251404,-0.5352210998535156,-0.9743707180023193,0.48975348472595215,-0.5798076391220093
-1.1978814601898193,0.5689849257469177,0.5710537433624268,0.4001784026622772,-0.7998273968696594,-1.0434612035751343,0.9079716205596924,-0.9302040338516235
-1.0964869260787964,0.777830958366394,0.09891708195209503,0.3913955092430115,-0.38678178191185,-1.1092658042907715,0.528438925743103,-0.9100515842437744
0.26874595880508423,0.5693047046661377,0.8956917524337769,0.3421117663383484,0.3817358911037445,-0.867070734500885,1.0770663022994995,-0.8417486548423767
-0.9876292943954468,0.47567227482795715,0.11617209017276764,0.45772966742515564,-0.1702028214931488,-0.9805294275283813,0.96051025390625,-0.9304715991020203
-1.0886321067810059,0.5582229495048523,0.24171151220798492,0.6385328769683838,-0.2989281415939331,-0.7414716482162476,0.49557942152023315,-0.8173001408576965
0.009939849376678467,0.9644054174423218,0.3118285834789276,-0.050749272108078,-0.7951384782791138,-0.5391037464141846,0.8415032625198364,-0.6912847757339478
-1.1837738752365112,0.35659259557724,0.03660881519317627,0.5639920234680176,-0.36215201020240784,-1.1522884368896484,0.8000737428665161,-1.1008832454681396
-0.7448970079421997,0.40137434005737305,0.3212548792362213,0.215592160820961,-0.20219974219799042,-0.5906339287757874,0.48468172550201416,-1.1243019104003906
-0.3916800916194916,0.7754523754119873,0.120376817882061,0.23218823969364166,-0.006862819194793701,-0.8247185945510864,0.5239837169647217,-0.774467408657074
-0.8019757866859436,0.3492720425128937,0.1586536318063736,-0.2015223503112793,-0.3204594850540161,-0.4058173894882202,0.5826194286346436,-0.6315090656280518
-0.07958865165710449,0.83125901222229,-0.30231285095214844,0.47526565194129944,-0.41153204441070557,-1.1656906604766846,0.8020128011703491,-0.9773014187812805
-1.0311610698699951,0.7306632399559021,0.6286594867706299,0.15733492374420166,-0.6207811832427979,-0.3365326523780823,0.9497476816177368,-0.581032395362854
-0.39309632778167725,0.9074599146842957,-0.011196956038475037,-0.010618150234222412,-0.15190234780311584,-0.5147225856781006,0.6834983825683594,-0.658272922039032
-0.3631129562854767,0.3553508520126343,0.042370691895484924,0.8615411520004272,-0.39795637130737305,-0.8166643977165222,0.36680394411087036,-0.5829653739929199
-0.4664825201034546,0.44172245264053345,-0.01280541718006134,0.45267823338508606,-0.5755577683448792,-0.7593293190002441,0.187788724899292,-0.8767586350440979
-0.2094438225030899,0.5349048376083374,0.0238477885723114,1.066206455230713,-0.2011340856552124,-1.512815237045288,0.4717578589916229,-1.1798341274261475
-0.5883308053016663,0.7004833221435547,0.7395181059837341,0.3597368597984314,-0.6259398460388184,-0.4712303876876831,0.7337996959686279,-0.743037223815918
-0.3390415906906128,0.5533233284950256,-0.21680662035942078,0.3360561728477478,-0.4126272201538086,-0.30322331190109253,0.9025722742080688,-0.5657831430435181
-0.6873021125793457,0.48755893111228943,-0.2295691967010498,0.2793205976486206,0.1387452483177185,-0.8001803159713745,0.38283103704452515,-0.8619447946548462
-0.4219004213809967,0.9663870334625244,-0.6151986122131348,-0.08557021617889404,-0.7000007629394531,-0.43697893619537354,0.8267018795013428,-0.6630512475967407
-1.1541227102279663,0.6000812649726868,-0.00965844839811325,0.07472017407417297,-0.384668231010437,-0.6070308685302734,0.5668599009513855,-0.6562477350234985
-0.04905575513839722,0.3974321186542511,0.32069605588912964,0.34973159432411194,-0.421102374792099,-1.2967963218688965,0.4542112350463867,-0.6517164707183838
-0.28548336029052734,0.7619426250457764,0.4221811890602112,0.08664074540138245,-0.3601154088973999,-0.21831750869750977,0.7597455382347107,-0.3964843153953552
-0.6757825016975403,0.6697294116020203,-0.02539493888616562,0.08919200301170349,-0.7107881307601929,-0.6544866561889648,0.5691748857498169,-0.6803020238876343
-0.41466376185417175,0.8145021200180054,0.07236453145742416,-0.121593177318573,-0.46852123737335205,0.01841557025909424,0.6548875570297241,-0.5388927459716797
-1.3155238628387451,0.4534645080566406,0.5617163777351379,0.4595116376876831,-0.658126175403595,-0.7984033226966858,0.7072842717170715,-0.8640369176864624
0.060415446758270264,0.5463745594024658,0.017176151275634766,0.33159077167510986,-0.3706861436367035,-0.5717000961303711,0.6459015607833862,-0.6890665888786316
-0.47151780128479004,0.5100364685058594,0.08504175394773483,0.4129152297973633,-0.30074116587638855,-0.4815354347229004,0.628810703754425,-0.9737402200698853
-0.03917774558067322,0.45017388463020325,0.18140862882137299,0.6791012287139893,-0.3613325357437134,-0.3883359432220459,0.4020020067691803,-0.897912859916687
-0.007332801818847656,0.4515452980995178,0.24440033733844757,0.5306817293167114,-0.47493040561676025,-1.2996822595596313,0.5206151008605957,-1.0281877517700195
-0.6992806196212769,0.8615027070045471,0.23475779592990875,-0.35681015253067017,-0.5675255656242371,-0.242720365524292,0.866485595703125,-0.581727147102356
-1.0096808671951294,0.4306075870990753,-0.5049027800559998,0.48959946632385254,-0.6734737753868103,-0.7351095676422119,0.3626171946525574,-0.6557775735855103
0.1897069811820984,0.6848505735397339,0.3613034188747406,0.14003077149391174,0.03535372018814087,-0.6356238722801208,0.3557310402393341,-0.6750157475471497
-1.0259220600128174,0.4586555063724518,-0.7056345343589783,0.464063435792923,-0.2372816503047943,-1.0290546417236328,0.8061894178390503,-1.184830665588379
-0.5836148858070374,0.586491048336029,-0.15725435316562653,0.34261003136634827,-0.6570477485656738,-0.9374019503593445,0.8960037231445312,-1.0172895193099976
-1.1473209857940674,0.4018933176994324,0.3367653489112854,0.3517073094844818,-0.4307444393634796,-1.1698564291000366,0.5414866209030151,-0.8534764051437378
-0.7180235385894775,0.44881322979927063,1.043562650680542,0.33091461658477783,-0.8615865707397461,-0.8555641174316406,0.786542534828186,-0.86212158203125
-1.4503624439239502,0.46962305903434753,0.4234684407711029,0.2553609609603882,-0.36557260155677795,-0.663819432258606,0.3643020689487457,-0.9328486323356628
-1.2740111351013184,0.5410841107368469,0.1977337896823883,0.47093260288238525,-0.6913625001907349,-0.9726011157035828,0.48263806104660034,-0.9137238264083862
-0.8537907600402832,0.2941865026950836,0.05312219262123108,0.6941794157028198,0.13897761702537537,-1.3646762371063232,0.16232627630233765,-1.182674765586853
-0.904893159866333,0.6866938471794128,0.7444255352020264,0.1990078091621399,-0.6573277711868286,-0.37397778034210205,0.8457800149917603,-0.5601605176925659
-0.2470269650220871,0.7382726073265076,-0.14825250208377838,0.36444762349128723,-0.41008129715919495,-0.7789217233657837,-0.022471904754638672,-0.989816427230835
-0.09578770399093628,0.672720193862915,-0.23546794056892395,0.21734607219696045,-0.45095163583755493,-0.9088668823242188,0.48543018102645874,-0.8281025290489197
-0.5042014122009277,0.6274017095565796,-0.6444966197013855,0.23505409061908722,-0.2407834827899933,-0.6175458431243896,0.7050194144248962,-0.512043833732605
-0.5222921371459961,0.2855483293533325,0.15540659427642822,0.5632076859474182,-0.6642755270004272,-1.172735571861267,0.7195267677307129,-1.1084916591644287
-1.226433515548706,0.4297711253166199,0.44255492091178894,0.2974798381328583,-0.4057544469833374,-0.8980742692947388,0.8342404961585999,-0.9319701194763184
0.37521666288375854,0.6047080755233765,0.6198654174804688,0.3307700753211975,-0.49538135528564453,-1.0870403051376343,0.3877257704734802,-0.9675307869911194
-0.7066540718078613,0.9926983714103699,0.0006071068346500397,-0.18740415573120117,-0.6926323771476746,-0.3964651823043823,0.849929690361023,-0.5846180319786072
0.26426005363464355,0.6045444011688232,0.054743532091379166,0.764212965965271,-0.3302016258239746,-1.0245319604873657,0.5470385551452637,-0.8008745312690735
0.5135319828987122,0.5850250720977783,0.22409945726394653,0.262238085269928,-0.37697944045066833,-0.6925846338272095,0.7725852131843567,-0.759818434715271
0.04837319254875183,0.3052382171154022,0.029569150879979134,0.21224166452884674,-0.2879679203033447,-0.8819875717163086,0.47767797112464905,-0.8157297372817993
-0.5280900001525879,0.4079734981060028,0.03934807330369949,-0.3689766526222229,-0.16032223403453827,0.5018775463104248,0.437815397977829,-0.2821548581123352
-1.1674233675003052,0.41862112283706665,0.6156389713287354,0.5084524154663086,-0.26939982175827026,-0.740700364112854,0.33870601654052734,-0.6631897687911987
-0.5204371809959412,0.6542726755142212,0.04011336341500282,0.35422587394714355,-0.3967045247554779,-1.3165637254714966,0.6628235578536987,-1.3335901498794556
-0.21592728793621063,0.7419441342353821,0.016431130468845367,0.8699213266372681,-0.4375742971897125,-1.2128454446792603,0.5687424540519714,-1.1296424865722656
-0.4588066041469574,0.5577036142349243,-0.06617863476276398,0.3415784537792206,-0.27814745903015137,-0.8002361059188843,0.38064098358154297,-0.3379799723625183
-0.2692256569862366,0.30897781252861023,-0.9404634833335876,0.403905987739563,-0.2180221676826477,-1.034698247909546,0.3329172730445862,-0.6892578601837158
-0.7627577781677246,0.41317018866539,0.0053491778671741486,0.7958594560623169,-0.3782547116279602,-0.577336847782135,0.5124853253364563,-0.913636326789856
-0.8455637693405151,0.4993421733379364,0.20786212384700775,0.32566142082214355,-0.2594430148601532,-1.1445941925048828,0.5606573224067688,-1.0077617168426514
-1.068608045578003,0.3734712600708008,-0.26068824529647827,0.1719239503145218,-0.1829509735107422,-0.6728651523590088,0.40831372141838074,-0.7116675972938538
-0.32810068130493164,0.424209862947464,-0.35277339816093445,0.26482680439949036,-0.21401679515838623,-1.1057994365692139,0.5821202993392944,-0.9060549139976501
-0.6225937604904175,0.6244720220565796,0.16602958738803864,0.6598186492919922,-0.23627732694149017,-0.5720392465591431,0.44551002979278564,-0.8721263408660889
0.034939467906951904,0.27286893129348755,0.4219026565551758,0.5005840063095093,0.06435748934745789,-1.3073722124099731,0.14751610159873962,-0.9152207970619202
-0.33974066376686096,0.6220105886459351,-1.1737375259399414,0.39591389894485474,0.3063962757587433,-0.7836975455284119,-0.1692485511302948,-0.9773507118225098
-1.1719415187835693,0.18237730860710144,0.13147152960300446,0.24976234138011932,-0.34875884652137756,-0.9691221714019775,0.5834226608276367,-1.0940117835998535
-0.05919191241264343,0.376949667930603,0.19778215885162354,0.3772645890712738,-0.4928615391254425,-0.9130604267120361,0.5385493040084839,-0.8573927283287048
-0.1709652543067932,0.6307471394538879,0.22695355117321014,0.2609702944755554,-0.5268691182136536,-0.321744441986084,0.6564040184020996,-0.7260730862617493
-0.43971818685531616,0.656293511390686,0.0934138298034668,-0.030559659004211426,-0.3974801003932953,-1.016226887702942,0.37284207344055176,-0.2818964123725891
-1.144555926322937,0.3915656805038452,-0.7999351620674133,0.5753083825111389,-0.5827229619026184,-1.3333309888839722,0.6582401990890503,-1.1130470037460327
-0.45337074995040894,0.3921409845352173,0.04858459532260895,0.3183271288871765,-0.27404335141181946,-0.9235992431640625,0.4809846580028534,-0.7351368069648743
-0.30797821283340454,0.36737173795700073,-0.09408767521381378,0.38014689087867737,-0.7150533199310303,-0.6538233757019043,0.6302424073219299,-0.678180992603302
