latent_0,latent_1,latent_2,latent_3,latent_4,latent_5,latent_6,latent_7,latent_8,latent_9,latent_10,latent_11,latent_12,latent_13,latent_14,latent_15
-1.1090889,0.55664796,0.11657376,0.3829904,-0.025888313,0.14719239,0.26701802,0.87136024,0.4406975,-0.4947682,0.2500636,0.11661238,-0.07235952,-0.013937898,0.8236318,-0.12049937
-1.2515821,0.023361467,-0.7391847,1.1081434,0.36060885,-0.0023315353,-1.9691005,-1.7997048,-1.2895455,-1.2969556,-0.47807226,-1.6256533,1.3354765,-0.50834227,0.6861169,0.51457655
-0.43998003,0.8538905,-0.06059183,1.8746976,0.44733754,-0.5817526,-0.16373931,-1.0278147,-0.36388496,-0.28544924,0.050674707,-0.02604041,0.24217163,-0.6617791,-0.0056707165,0.31357586
0.021835584,0.048044287,0.08411702,0.14243801,0.043231726,-0.095794536,0.06791085,-0.119280525,-0.019952888,0.03681474,-0.057852972,-0.036517803,0.045554984,-0.021993265,-0.0024390086,-0.01589867
0.48659965,0.27138835,0.19926006,0.3182886,-0.18914089,-0.7151599,0.4586686,0.12710783,-0.25280938,-0.12220228,-0.44294813,-0.023910932,-0.30994415,-0.46844485,0.19376524,-0.008230273
-1.2599664,0.5123651,-0.98909724,1.2430512,0.30743974,-0.03116068,0.49377978,-0.80334485,-1.1406635,-0.12241802,-0.09879971,-0.058539297,0.35708088,-1.5489249,0.34071526,0.9965979
0.36539736,-0.4484731,0.5490319,1.2772231,0.14515008,0.25903058,0.8671442,-0.2587385,-0.2735999,-0.3298856,-0.88608557,-0.1269948,-0.6534009,-0.29365954,-0.43165067,0.1910501
0.28148872,-0.36507094,-0.38282254,-0.7363595,-0.1629964,0.46830398,-0.17317103,0.42785576,0.77450204,-0.35428244,0.027930012,-0.41775027,-0.79643434,0.6602819,-0.22969837,-0.7405163
0.026757907,-0.6385782,0.24218883,0.6299656,0.40960577,0.894636,0.09693753,-0.61893094,0.24057154,-0.38102633,-0.5270845,-0.52321595,-0.1846696,0.6180712,-0.42871854,-0.051132657
0.54098296,0.54386663,0.026982155,1.9672413,0.027628142,-0.4481292,-0.2510917,-1.0960279,-0.50587326,-0.60588866,-0.4257888,0.5025427,-0.47499877,-0.5921099,-0.43530715,0.14367282
0.44367048,0.19861591,-0.77360594,-1.1178585,-0.68557495,1.0485368,-0.55810857,0.03879474,1.6189853,-0.6853715,0.16124453,-0.810681,-1.6001626,0.98245513,-0.4172335,-1.5429878
-0.6560172,-0.17731719,-0.9181953,-1.3393219,0.042940468,0.44245484,0.6698275,0.36380905,0.7372071,0.38794893,0.29870042,-0.88013864,-0.7376964,0.022939939,0.0015612524,-0.03229583
-0.19341901,0.13310575,-0.2088181,-0.4709388,-0.020655239,0.3507869,0.24512874,0.9314145,1.237699,-0.25128347,0.66732407,0.06365678,-0.84907293,0.71115386,0.009630682,-0.6368395
1.2435142,-0.63430274,-0.3162768,0.83122665,0.782022,-0.6457058,-0.3316127,-1.2798324,-0.7000154,-0.20719874,-0.5600381,0.08303628,-0.23131898,-0.24574639,-0.8111599,0.09547976
0.63156796,-0.15206504,0.4429006,0.7173434,-0.23315693,-0.17518489,0.28335375,-0.18626335,-0.17388262,-0.28524408,-0.68829477,-0.075175464,-0.568823,-0.22938587,-0.2795104,-0.0922724
-0.016822014,-0.29066923,-0.1183001,-0.49822196,-0.14849953,0.12923461,0.53148013,0.5510173,0.18605837,0.18469363,-0.17772932,-0.46038288,-0.33457989,-0.0035642064,0.05929556,0.05265775
-0.2660793,0.091721006,0.049104773,-0.011270638,-0.05896036,0.45146546,0.3047956,0.47743332,0.6570104,-0.09679677,0.28381845,-0.06783878,-0.4241259,0.5279035,0.16294295,-0.3438444
0.5813351,-0.3928839,-0.31290537,0.24673826,0.43954414,-0.23929077,-0.46481863,-0.7299989,-0.35030115,-0.21190336,-0.2056157,0.027316578,0.0039725387,-0.09396632,-0.37521675,-0.07839012
0.08035886,-0.030288808,0.12060665,0.094666906,-0.045223415,-0.048689984,0.04834948,-0.050460327,-0.057468798,0.0036988098,-0.1174134,-0.10230155,-0.054958064,-0.037660565,-0.059502505,-0.0042394768
0.108519904,0.9552156,-0.25753623,1.649087,-0.08391534,-0.84562737,-0.3308715,-0.95968753,-0.54711646,-0.2551563,0.22596514,0.16784522,-0.055013705,-0.9080114,-0.07979048,0.2225582
0.93655455,-0.42400607,-0.8683484,-0.04596124,0.67477304,-0.62107,0.6927307,-0.745524,0.24338746,0.6490651,0.35629505,-0.2907381,-1.3627845,-0.5541861,-1.3426793,0.09474096
0.45982495,0.2929386,0.119932465,0.09176474,-0.37894583,-0.63561976,0.35355178,0.29356372,-0.113151915,-0.185963,-0.34233326,0.024715854,-0.43834063,-0.4301807,0.32403722,-0.16564605
-0.28130138,0.5900241,-0.02151925,0.21396641,-0.26651418,-0.48695943,0.2042686,0.19754098,0.09456026,0.023112517,0.3078124,0.26419106,-0.34855416,-0.3394598,0.24529046,-0.317131
0.9360016,-0.3924799,-0.2983954,0.3337137,0.14504407,-0.5545061,-0.560064,-0.53873086,-0.8706716,-0.6954392,-0.5801843,0.14253698,0.09571199,-0.33880597,-0.06872541,0.21387605
0.5445146,0.2464857,0.22095479,0.21228291,-0.5285408,-0.50918394,-0.12542789,0.1664,0.15044533,-0.18012862,-0.04278858,0.06270381,-0.5764716,-0.12870076,0.037041795,-0.37154058
-0.43947247,0.33975136,-0.33207124,-1.0289984,-0.6726546,-0.22150952,1.3290108,1.3884953,0.55201125,0.29370108,-0.45117128,-0.6915008,-0.80285406,-0.75075465,0.68397206,-0.08430354
-0.8199044,-0.15763651,-0.5361587,0.50988,0.6480451,-0.19054523,-0.05145096,-0.8047651,-0.68729997,-0.06039856,-0.09509793,-0.56988937,0.78676546,-0.35391265,0.11450692,0.6861688
0.62655956,-0.07326189,-0.14011711,0.7004813,0.2984454,-0.3022854,-0.5313223,-0.6660047,-0.53604734,-0.5827858,-0.3386857,0.3758232,-0.061673153,-0.16947924,-0.19520791,-0.017760338
0.041871406,0.8091373,0.44230202,0.8529379,-0.39504915,-0.58691293,0.40344805,0.0071642613,-0.32144755,-0.30800733,-0.39182293,0.15711218,-0.2148115,-0.3746511,0.46983743,-0.12500049
-0.4354632,-0.19182946,-0.5278321,0.28336206,0.79275537,0.08418952,-0.18888602,-0.7595938,-0.2912515,-0.35272655,-0.0010064534,-0.18094985,0.4946657,0.02362506,0.07592735,0.2518536
0.110246025,0.227777,0.068635404,0.2231263,-0.1577724,-0.47064096,0.119145446,0.16142756,0.26157197,0.017170472,0.2880249,0.27290487,-0.44878313,-0.10042278,-0.10042382,-0.3290821
-0.4991988,0.45775196,0.2733286,0.55078936,0.3016503,0.011514283,0.61135656,-0.41820195,0.4022706,0.23767123,-0.21232969,-0.23489515,-0.008772625,0.062122766,0.12025013,0.0049178554
0.4040188,-0.090042315,-0.057634864,1.1561635,0.28866562,1.2279339,-0.5352218,-1.0973562,0.63832146,-0.9682797,-0.36957318,-0.6712699,-1.0310035,0.65384907,-1.2078984,-0.5325578
-0.68012816,1.6193738,-0.2805613,-0.22630079,-1.5519704,0.27854937,0.7931143,0.8214785,2.220085,0.31097713,0.5186601,-0.8869991,-2.2010455,0.28245622,-0.30837852,-1.1860585
-0.096801564,0.69129825,0.5075488,0.90515304,-0.59728295,-0.23165062,-0.25688764,0.24932183,-0.055675212,-0.6940229,0.051913355,0.34678292,-0.3016613,-0.101700924,0.49852937,-0.25080508
0.01155399,-0.26631963,-0.41540217,0.107198276,0.52124906,-0.04895223,-0.322161,-0.6814351,-0.29675102,-0.25835982,-0.096901946,-0.13123654,0.34480342,0.026014002,-0.038268838,0.070665285
-0.18027122,2.1621583,0.016257785,2.0902193,-0.7431238,-1.2770628,0.809127,-0.8209894,0.26402804,0.37200347,0.5397738,0.17418785,-1.0641185,-1.3016223,0.011912569,-0.3136956
-0.32461566,0.9627672,0.38676226,0.78824633,-0.8739504,0.24230859,0.7354379,0.10603245,0.7994953,-0.014557599,-0.00015613443,-0.06368563,-0.97016907,0.11568528,-0.15770873,-0.72382736
-0.49501556,0.78610766,0.93682027,1.0887332,0.080008484,0.38173738,1.6884061,-0.367091,1.2622312,0.45186448,-0.83369577,-1.020509,-0.5117598,0.7519721,-0.5495355,-0.23992884
-0.0044065136,-1.0975893,0.15621236,0.20294105,0.13466074,1.2052921,1.0561476,0.06439696,0.3286355,-0.045414045,-0.94885886,-1.0975583,-0.47997835,0.5989879,-0.5939266,0.09867698
-0.059295565,0.3572168,-0.11043412,0.7700763,0.21265243,-0.5037756,0.36312926,0.08579963,-0.5541474,-0.37393624,-0.29056868,0.3387246,0.049705587,-0.6905664,0.2966495,0.3602668
0.10944306,-0.0014929523,0.010669234,0.04976911,-0.12863292,-0.085131265,-0.2921807,-0.11846083,-0.03500101,-0.14947568,-0.021512372,-0.046785217,0.013206578,0.011362529,-0.052280813,-0.10429901
-0.6221163,-0.32823187,-0.46686655,0.25756627,0.71029353,0.31473923,-0.0275542,-0.64549255,-0.20302834,-0.30771366,-0.017148053,-0.30874312,0.43150035,0.11883647,0.061888296,0.37136397
-0.48418316,0.045845274,-0.9022288,-1.5014085,-0.05624721,2.0817413,0.08974401,0.81600565,2.4413793,-0.92144424,0.43740958,-1.4117675,-1.5161633,1.977152,-0.0707655,-1.4660172
1.1581448,-0.21235651,-0.25245726,0.5379939,0.37360805,-0.46717197,-0.64150846,-0.7762338,-0.26583552,-0.37292355,-0.2679059,0.38232866,-0.3192451,-0.11211666,-0.4962691,-0.23563473
-0.061243955,0.5463973,-0.041417032,-0.13742386,-0.44695106,-0.61203396,0.66694874,0.5044288,0.1508362,0.2153427,-0.04157289,-0.05521635,-0.6261205,-0.5944845,0.44569793,-0.31599256
0.04137357,-0.334358,-0.061666854,0.1428458,-0.0011536353,-0.018588308,-0.10459778,-0.21046875,-0.3900185,-0.15985894,-0.28817677,-0.27332738,0.17659979,-0.11084732,-0.082289875,0.287787
-0.29491195,-0.15067448,-0.24818303,0.0169431,0.7578996,1.1210557,0.00079496205,-0.26523647,0.7422181,-0.7361826,0.015620219,-0.5103591,-0.120299965,0.9522353,0.08414069,-0.21398202
-0.3532115,-0.5408997,-0.9113756,-1.462639,-0.06410303,1.2191119,0.82035303,0.7907569,1.1735617,-0.08205986,-0.19649364,-1.5151092,-1.0540158,0.5232938,-0.19264527,-0.32758605
-0.37375903,-0.0026678105,-0.053927697,0.0803386,0.16302791,0.4426001,0.040258422,0.08639455,0.25289682,-0.07985235,0.13544862,-0.15918274,-0.11633983,0.19517387,0.21649644,0.042078324
0.14435548,0.09568318,-0.08541999,1.0670565,0.3719217,0.26912415,-0.25137702,-1.0773891,0.2568219,-0.2818179,-0.21164332,-0.2294935,-0.4505469,-0.07056575,-0.7024051,-0.13659784
-0.06495642,-0.040472608,0.021522269,0.022030305,-0.016472148,0.05621864,0.045088965,0.05186407,0.04204047,-0.0002506839,0.030759241,-0.026576,-0.065039836,0.06443869,0.00010275288,-0.021218382
0.48659006,0.00046855293,0.14990468,-0.22697194,-0.30891776,-0.43117154,0.5385873,0.40695193,-0.018837111,0.053090397,-0.37412137,-0.274305,-0.73175955,-0.39654803,0.018385489,-0.13564727
-0.57860875,0.76945007,-0.40983018,-0.673987,-0.538087,1.4734557,0.3011578,0.44840434,1.9728307,-0.37253016,0.5756192,-1.1653659,-1.5310372,1.2435197,-0.2661123,-1.2186476
-0.17331329,1.1004245,-0.12475379,0.79873127,-0.25399452,0.7458369,-0.3984981,-0.9643237,1.2914197,-0.5019071,0.29705533,-1.0053995,-1.1256821,0.3678025,-0.78669745,-0.6724193
-3.073821,2.785594,2.5649085,3.7139804,1.1530614,1.467085,3.6183398,-0.6597099,3.4050536,-0.4209902,-2.588612,-2.545935,0.73474455,3.4220152,0.1359217,0.2837122
0.17680421,-0.23515438,-0.49628633,-0.7697109,0.27112567,-0.1304672,-0.10223239,0.16328493,0.46643803,0.038283173,0.35781577,-0.0012472941,-0.5261149,0.12402254,-0.09044175,-0.34455884
-0.360212,0.35066393,-0.25964838,0.37978852,0.07644728,-0.21262796,-0.19495447,-0.30636442,-0.39009234,-0.09205775,0.1246952,-0.23538898,0.27675205,-0.5098022,0.26829898,0.18564402
0.44223225,0.122360006,0.21923523,0.50614446,0.019543767,-0.62766665,0.16573113,-0.10855176,0.18353446,0.22507901,0.16305284,0.12415043,-0.42426014,-0.14278378,-0.39448932,-0.2601865
0.1639877,-0.27568144,-0.33709386,-0.3749618,0.26602334,-0.025927953,-0.15292545,-0.18603909,0.078289226,-0.12901995,0.08053338,-0.05730455,-0.11505952,0.10816889,-0.080891155,-0.15006776
-0.18662664,0.9937532,0.22763348,-0.32421356,-0.6515435,-0.1909718,2.015609,0.40637648,1.7537621,1.0314167,-0.44165054,-1.2162899,-1.7711354,0.07428202,-1.0843,-0.56190467
0.15989415,0.3764111,-1.8932811,-2.0927956,0.3279055,1.3653301,-1.8971564,-1.8432412,1.7183475,-1.4091711,0.39946005,-1.3270618,-1.1251456,0.93251616,-0.32716417,-2.0666914
-0.09087403,-0.033619765,-0.1708693,0.13499181,0.22655898,0.20129949,-0.22644897,-0.434761,0.036990322,-0.2417765,-0.1067048,-0.101263486,0.050015874,0.03331533,-0.045500524,-0.073164254
0.073020265,0.0045582615,0.22299075,0.2574121,-0.122370526,-0.00041540514,0.8520529,-0.2422013,0.06980811,0.5035943,-0.33296987,-0.3027164,-0.5718843,-0.3514822,-0.31977874,-0.059573483
-0.752405,0.17438325,-0.60233665,-0.047183715,0.34523892,-0.27603877,0.27493218,-0.33269882,-0.23129669,0.22270332,0.15237997,-0.4364806,0.29582882,-0.5073401,0.2426114,0.38073173
-0.33483267,-0.849052,0.51576895,1.6778808,0.67693055,0.9773079,0.61886084,-0.7490972,-0.17124242,-0.4653751,-0.8989593,-0.70578486,-0.0020224967,0.41874215,-0.42080027,0.6951678
0.093134865,1.0663878,-0.25977528,0.6557098,0.036572672,0.82096446,-0.8945323,-0.65177685,1.7774962,-0.82091784,0.7010513,-0.56218475,-1.1192783,0.9625478,-0.7492421,-0.8632258
0.4038588,0.017725378,-0.061435528,0.50848645,0.06366457,-0.1961575,-0.2981613,-0.30452958,-0.0693045,-0.31055698,-0.0608162,0.3412015,-0.25037578,-0.118800715,-0.23711127,-0.15790525
1.7784412,-0.62907326,-0.27277014,0.30051583,-0.13045539,0.15025823,-1.396882,-0.95524096,-0.047500122,-1.0246373,-0.7795621,-0.08608851,-0.84665304,0.352222,-0.6259076,-0.53122854
-0.91087574,1.0687789,0.26471463,2.6182568,-0.7874163,1.1973057,2.0124094,0.60213715,0.09164445,-1.8038996,-1.4429586,0.52800345,-1.35158,-1.4089706,0.8879639,0.09531762
0.27007377,-0.4846183,-0.3261532,0.11817638,0.47610462,-0.22705133,0.13471876,-0.5028916,-0.23185234,0.06339386,-0.036752738,-0.06687564,-0.15504068,-0.1615858,-0.41858637,0.032299716
-0.6648651,0.46960095,-0.91704285,-1.1039642,-0.04421994,0.98471206,0.31805137,0.23062404,1.4162123,-0.11410814,0.6465754,-0.82027704,-1.2388515,0.3747971,-0.08010664,-0.7924499
0.5232675,0.67530596,-1.2537905,-1.8386766,-0.8653287,0.80026156,0.031180581,0.77633435,3.0928826,-0.5693287,0.58253586,-0.89060223,-2.7873557,1.2709427,-0.9070885,-2.0012136
0.6223115,-0.056954358,0.16657853,0.25587255,-0.22189792,-0.48697388,-0.15618388,-0.046351004,0.229882,-0.014374423,-0.01313601,0.08642457,-0.6517457,-0.07928818,-0.42534637,-0.3629103
-1.317911,1.1684766,-0.27954558,1.1330537,0.04583465,-0.19415592,-0.48834664,0.04912584,-0.1644867,-0.5328051,0.5369401,0.2083433,0.19620526,-0.93770677,0.95996654,0.13218358
-0.2556017,0.08013454,0.43203714,1.9100523,0.12775996,0.8399643,-0.18183158,-1.2292969,0.11733903,-0.5370466,-0.6459457,-0.59742284,-0.49915147,0.18427087,-0.61600804,0.17473362
-0.42802203,0.01754894,-1.3536509,-2.2068515,-0.15462556,1.2324033,1.320679,0.7959151,1.9298216,0.4204045,0.22750904,-1.7152554,-1.8839605,0.77928114,-0.5318163,-0.60280246
-0.11060468,1.8467551,-0.36572602,-0.83769333,-2.2047174,0.49956357,1.5329006,0.96369505,2.5972877,0.33013937,-0.0911993,-1.4746537,-3.2300472,0.25592336,-0.5401575,-1.44212
0.6977181,0.47902352,0.10885913,1.2106153,-0.12399324,-0.6808546,-0.6236632,-0.65274966,-0.27120394,-0.52495444,-0.1674659,0.4116412,-0.3104762,-0.23957822,-0.29331663,-0.15750791
0.5054377,0.3961955,-0.71120685,-0.67161196,-0.70219713,1.7384384,-0.73539746,-0.4674278,1.8004516,-1.0410757,-0.05962151,-1.2439318,-1.685262,1.2753025,-0.8201777,-1.6592877
-0.7646631,-0.27565572,-1.2920799,-1.5160863,1.0644561,0.6850881,0.22204378,-0.48970357,0.82030153,-0.35836297,0.41226956,-1.1058022,-0.22863695,0.51533633,-0.101634055,-0.29620177
-0.195498,0.048425723,-0.095928945,0.34605062,-0.11834031,-0.19070546,0.11302751,0.28249452,-0.5416787,-0.44659948,-0.4533477,-0.15170105,0.060731165,-0.65338767,0.32311517,0.451774
-0.081976585,-0.35311404,-0.3211788,-0.6101766,0.045882598,-0.01751925,0.40460366,0.4627907,0.19295186,0.14735276,0.05947957,-0.35279986,-0.2700501,-0.08898519,0.0330489,0.10635599
0.5559175,-0.36036912,-0.25678843,0.2653781,0.3904125,-0.22042811,-0.6021782,-0.78144544,-0.4935886,-0.34220013,-0.31410182,-0.045032617,0.16671832,-0.038038954,-0.24662429,-0.0059944205
0.4237501,0.22305033,-0.03266782,0.38845992,0.007040088,-0.5041013,-0.32715005,-0.13522816,-0.252292,-0.31660047,0.036948845,0.43510127,-0.05998811,-0.128079,0.026489524,-0.14078122
0.64958626,0.243915,-1.263009,-1.5215715,-0.1842136,0.83306617,-1.0971271,-0.17552944,1.9844251,-1.3226666,0.5726948,-0.2493394,-1.637077,1.1456734,-0.29093722,-2.0407407
-0.107489765,-0.10355159,-0.16654721,0.1274836,0.34918293,0.07222243,0.057874266,-0.420235,0.063629195,-0.028941726,-0.08798822,-0.15530509,-0.0024615934,-0.009188706,-0.1291536,0.018013172
1.5755414,-0.8016328,-0.108241394,-0.25507343,-0.06337425,-0.30932146,-0.3278491,-0.061888177,-0.010779793,-0.43784738,-0.7612229,-0.34934655,-0.7620875,-0.03225699,-0.52335036,-0.13276403
0.38274488,-0.27244982,0.15861587,0.009233281,-0.4252436,-0.37640887,1.111435,0.16819072,-0.29480344,0.17157899,-0.8545074,-0.5024278,-0.45030046,-0.5946074,-0.042305894,0.18263678
0.43054727,0.044738766,-0.10498131,0.6688846,0.2364174,-0.7676917,0.15187855,-0.4428573,-0.6990635,-0.066628866,-0.17734759,0.1866595,0.12817067,-0.47313428,-0.03694049,0.29158247
0.828577,-0.34354398,-0.101899914,-0.052546885,0.09403388,-0.5240035,0.06397603,0.031613894,-0.23647015,-0.13109848,-0.29410017,-0.019436227,-0.28656825,-0.31606114,-0.15877835,0.1441601
0.5299853,-0.1864588,0.036115702,0.252261,-0.012873557,-0.41163126,0.09721972,-0.07362147,-0.3560047,-0.18279101,-0.3813278,-0.018861001,-0.13947582,-0.33126646,-0.07350238,0.16817345
-0.20034267,0.30260533,-0.14047734,-0.12830722,-0.3795382,-0.5401156,0.91532576,0.62467104,-0.31768897,0.00085196027,-0.69366795,-0.3059193,-0.17104526,-0.9249908,0.6881408,0.22855535
0.20414983,0.048201334,0.045579735,0.20583354,-0.061591405,-0.20734565,-0.032534912,0.06947626,-0.20042579,-0.22724406,-0.11602747,0.07607658,-0.036784537,-0.15130399,0.039213233,0.10016972
-0.7517808,-0.12135278,-0.49125376,-0.94643646,-0.071361214,0.2977635,1.0683959,0.96793485,0.4837638,0.28994834,-0.37864253,-1.004065,-0.2787883,-0.16932845,0.44507417,0.20054477
-0.1910042,0.48135883,-0.47675672,-0.59984004,-0.2474647,0.4612642,0.3851666,0.57133126,1.5689721,0.038226936,0.65636575,-0.49677235,-1.3590089,0.53694993,-0.36692917,-0.69486004
-1.2128304,1.7333683,0.019596428,-0.14929205,-0.016392427,0.013397509,2.0566602,0.44578856,2.3615565,0.7465635,-0.2357453,-1.3052872,-0.98714197,0.5362691,-0.33967924,-0.26501125
-1.2201917,-0.30378366,-1.2727057,-1.6095916,-0.010195458,0.45779943,1.254461,0.6875984,0.65483004,0.5920625,-0.020046212,-1.556986,-0.62135977,-0.37470675,0.15417181,0.45246753
-0.38711908,-0.21466413,-0.2669821,0.6580357,0.41662166,-0.30307895,0.023116723,-0.48095417,-0.8703296,-0.14415622,-0.21498379,-0.29328167,0.59072655,-0.4029192,0.04724779,0.6948788
0.45668224,1.0847726,0.25342873,1.864246,-0.19408888,-0.8812377,-0.08778467,-0.76998484,0.4833304,0.05400191,0.18741365,0.035919055,-0.6991753,-0.26873404,-0.7051657,-0.08136685
0.50740135,-0.17065991,-0.79823667,-1.0382317,0.008702333,0.62929595,-0.8601781,-0.17961319,1.1540594,-0.8168395,0.27651048,-0.33851355,-0.9457451,0.8468131,-0.27588344,-1.185186
-0.676029,1.7351643,0.42492172,2.6174037,-0.41271928,-0.49083766,0.7912463,-1.5917522,0.21848698,0.37372485,-0.38695914,-0.7706838,-0.57990086,-0.6816522,-0.46908575,0.24033186
0.1653081,-0.57680076,-0.4811238,0.3820405,0.87580943,0.12784922,-0.29024658,-1.0541079,-0.25410107,-0.43242228,-0.19832502,-0.13765697,0.10106808,0.04338925,-0.32795855,0.013874723
1.2000529,-0.46731973,0.035567522,1.0498583,0.5060887,-0.2615442,-0.21932817,-1.1510428,-0.31763855,-0.24766108,-0.682607,0.13866511,-0.5542367,-0.13816676,-0.9129854,-0.07382868
-0.69158417,1.0007716,-0.14814627,0.78888893,-0.46531513,0.05719981,-0.020035116,-0.31809366,0.35488638,-0.009697027,0.3537008,-0.13307083,-0.4533411,-0.5693533,0.17653777,-0.16444847
-0.34971124,0.07024377,-0.2878411,-1.2518644,-0.54147154,-0.04810987,1.3400711,1.873701,0.738233,0.11696228,-0.616513,-0.9165932,-0.67497784,-0.34182885,0.7197388,-0.2203429
0.3018326,0.4228549,-1.2401506,-1.4918399,-0.5990293,1.0899919,-0.21842246,0.23453875,2.2783234,-0.507407,0.4700382,-0.9463811,-2.2188435,1.0022846,-0.68141353,-1.5820191
0.56373787,1.3149331,-1.1432493,0.93629956,0.18838546,-1.0610667,0.043588355,-1.0843699,1.5988067,0.7064501,1.4276731,-0.6501317,-2.2523992,-0.68094134,-1.7944422,-0.35851428
-0.0076741795,0.11071085,-0.006290731,0.64907515,0.35190758,-0.109245636,-0.12204419,-0.29425108,-0.33467963,-0.34902096,-0.11717203,0.29734427,0.134888,-0.070045196,0.024387488,0.14661811
-0.5998153,-0.14606881,-0.65836114,-1.5525299,-0.14403841,0.6157819,1.2077357,1.7377423,1.4833523,0.1873947,0.007442348,-1.1763247,-0.973997,0.55577236,0.12659784,-0.27410302
-1.5566794,-0.77013,-1.6400874,-1.8714204,0.65375847,0.44539955,0.7813127,0.64987254,0.65074176,0.26188686,0.40519533,-1.6381375,-0.2540618,-0.16086717,0.14069267,0.6265589
-0.7075907,0.1389723,-0.0836165,-0.45949766,0.040390745,1.0365312,0.72420585,0.9200182,1.016097,-0.12860192,-0.24105234,-0.8681646,-0.35550457,0.6573792,0.5764537,-0.2844053
-1.9283359,1.4050004,0.4494549,3.2682269,1.8931382,2.0381901,-0.55089796,0.37293106,1.4844451,-3.0753834,0.5711792,0.9518998,0.20208718,1.8329409,0.98272115,0.11951723
-0.24475819,-0.16899377,-0.30896112,-0.16116725,0.08782924,-0.29709184,0.5542793,0.07209409,-0.12940554,0.23910642,-0.081856295,-0.19534776,0.021485604,-0.41749507,0.061059296,0.33123928
0.16515398,0.27942142,-0.12323477,0.55910355,0.20474061,-0.65867144,0.2481038,-0.19818012,-0.5726412,-0.10429237,-0.06853488,0.16738307,0.09955571,-0.49547386,0.16881445,0.24309753
0.8100205,-0.090052664,0.1944873,0.28968844,-0.24811497,-0.58993274,0.3412674,0.1211916,-0.3152465,-0.2560438,-0.6614064,-0.08176738,-0.45142463,-0.54623306,0.023036463,0.074397795
0.65229416,-0.22644508,-0.28992605,0.07254425,0.2683663,0.04040047,-0.6520336,-0.2349089,0.4688079,-0.5601032,0.22504246,0.27522108,-0.5249574,0.34845296,-0.39869356,-0.49137765
0.5515156,-0.46830046,0.5716601,0.9372635,-0.0255138,0.07477367,0.48098895,-0.3813726,-0.18283232,-0.10587998,-0.778028,-0.30025277,-0.60090554,-0.14151591,-0.5988849,-0.004924783
0.7693645,0.009991472,0.021800093,0.16279277,-0.1468719,-0.53763336,-0.25414526,-0.048376985,-0.32009754,-0.4190071,-0.35713297,0.13030843,-0.13516748,-0.2664139,0.10244077,0.023516828
-0.8186551,-0.3242273,-0.7127589,-0.015696324,0.5305125,0.46161523,-0.53958005,-0.9037314,-0.18040943,-0.5257226,-0.17114928,-0.89513177,0.49092808,-0.014744312,0.15851343,0.1759061
-0.8281436,0.6887395,-0.47304657,0.7858937,0.15166514,0.28789884,-1.0529602,-1.2878138,-0.07986146,-0.69890994,-0.09033088,-0.81574315,0.29749194,-0.4080305,0.3875803,-0.17409867
-2.1940248,2.6380932,-1.1398782,2.6286566,-0.42104062,-0.49640685,-0.17224008,-0.6245573,-0.83124155,-0.75786656,0.8136239,0.5282273,-0.37891906,-2.7147856,1.2122291,0.43872562
-0.07584416,0.5827674,-0.114867106,0.61974835,0.20166767,-0.36488128,0.21474917,-0.65185875,0.33604166,0.26723072,0.16975774,-0.32704273,-0.23671791,-0.29298055,-0.25022033,-0.10182715
0.39219722,0.015037911,0.11981886,0.23218611,0.10920579,-0.43638363,0.54001135,-0.1592061,-0.031039612,0.39289367,-0.08405755,-0.074866176,-0.5939226,-0.36817208,-0.3406409,-0.09500154
0.5641812,-0.43671024,-0.23498942,0.57854533,0.31917092,-0.39251393,-0.364505,-0.668603,-0.8563931,-0.52631575,-0.52838945,0.06813985,0.1912231,-0.29529276,-0.18527484,0.32642582
-0.9271907,1.5373517,-0.5532838,-0.18277186,-0.57769257,1.1096025,0.087065056,-0.11162801,1.9738749,-0.31209552,0.75757456,-1.0931473,-1.5701689,0.5630211,-0.1725629,-1.1818234
0.12358585,0.32385102,-0.08970309,0.19892544,-0.39596292,0.242003,-0.52245635,-0.2315985,0.52655834,-0.29484412,0.25533423,0.01611732,-0.54443705,0.12302314,-0.12788706,-0.6004323
-1.0294266,1.1747806,-0.50451624,1.376104,-0.6458009,-0.032831512,-0.26178336,0.0015759822,-0.7441038,-0.83760256,0.056590002,0.3214517,-0.25388405,-1.7087033,0.9810319,0.31446886
0.49964967,-0.28166166,0.14402622,-0.04668942,-0.3617133,0.1541291,-0.044561554,0.057750087,-0.06201902,-0.22629161,-0.3951425,-0.3066784,-0.46731284,0.072064236,-0.098613665,-0.29458085
-2.491142,0.7420612,-1.0149028,-0.6149709,0.5074017,1.0024405,2.9722352,-0.19765483,2.2916086,1.145869,-0.79731536,-2.969718,-0.50214285,0.1600905,0.012767739,1.0117785
-0.70052385,-0.008063985,-0.0026090762,0.60430825,0.18329439,0.44692641,-0.13213791,0.26975042,-0.11674607,-0.480859,-0.044055503,-0.10532407,0.12382835,-0.16258678,0.41755608,0.37625286
0.43702155,-0.35853034,-0.5378564,-0.7495159,0.12312774,0.020520296,-0.19601414,0.16349693,0.58423126,-0.07770213,0.21153657,-0.15083903,-0.8110804,0.2203398,-0.33058053,-0.48245266
0.19681934,0.3570071,0.10836329,-0.785924,-0.73649347,-0.2535741,1.0190487,1.1662725,0.99401045,0.14660314,-0.20766695,-0.41040167,-1.1579539,0.16305001,0.08548666,-0.7391434
-0.21064822,0.16734548,-0.3013097,-0.15322985,0.6822327,0.39912522,-0.24287759,0.2165632,0.98190767,-0.77129805,0.7977906,0.3884915,-0.41219386,0.782431,0.14381708,-0.650568
0.048852377,0.6743669,-0.6196187,-0.44978946,-0.1405308,1.1256453,-0.001850176,0.21899176,2.0883157,-0.5110351,0.60504967,-1.0311935,-1.72598,1.0626298,-0.98676807,-1.1074198
0.45894074,0.08553222,0.038832024,0.2661224,-0.109287664,-0.50248826,-0.27618387,-0.080728665,0.027354665,-0.17292388,0.0109605035,0.20387606,-0.24855249,-0.07699966,-0.17633247,-0.16351555
0.034149,-0.060432684,-0.5965904,-0.9043619,0.069333546,0.019841434,-0.029725851,0.4568116,0.9322273,0.07829461,0.5458355,-0.13038215,-0.859232,0.2751558,-0.19663599,-0.46886125
-0.46884704,-0.004456997,-0.40783978,-0.8817081,-0.25372708,-0.156762,0.7888746,0.8994242,0.37034735,0.3209555,-0.056564286,-0.589287,-0.4909577,-0.48046896,0.365304,0.054109585
0.58424896,0.36401606,-0.49351898,0.35336542,-0.01970289,-0.24195679,-0.46522686,-0.43232793,0.7798987,-0.06953994,0.6294498,-0.06282687,-1.2122619,-0.13986969,-0.94383264,-0.52356
-0.009416953,0.11655492,0.2260896,0.09459246,-0.305808,-0.26359087,0.52619874,0.027868269,-0.1635194,0.13180721,-0.48604304,-0.37871635,-0.10567287,-0.2989662,0.12985699,0.03649346
-0.31639007,0.9336438,-0.04788937,0.5562324,-0.95288146,-0.03427749,1.3691405,0.45600092,0.15307847,-0.27243033,-0.57720023,0.21872948,-1.0013508,-1.0190022,0.43320245,-0.2584274
0.10184668,0.15723892,-0.014054774,0.36278188,0.3067444,-0.39253485,0.1842625,-0.16855463,-0.10562832,0.11794612,0.11048768,0.19717553,0.09852213,-0.13682474,0.007457505,0.014695703
-0.116118714,1.5311527,0.07772362,0.95991623,-0.9639952,-0.9193121,0.45162454,0.5213494,0.27091813,-0.45232448,0.51649755,0.9501632,-1.1228645,-0.7492588,0.5222937,-0.9650813
0.70897394,-0.4715157,-0.05033614,0.2603217,0.24460123,-0.39634582,0.13306066,-0.2928791,-0.3399508,-0.028905602,-0.3590656,0.012686843,-0.20179349,-0.27865365,-0.32934058,0.13774258
0.15540642,-0.0064931675,-0.19153956,0.3479551,0.056181595,0.06570456,-0.68436193,-0.66154623,-0.25624081,-0.45100528,-0.23157963,-0.08608502,0.08790116,-0.078639,-0.13637546,-0.15906733
-0.18933374,-0.27339816,-0.4375269,0.059132934,0.4706198,-0.039919212,-0.19884032,-0.53564316,-0.28449902,-0.18483326,-0.027604591,-0.20783752,0.36257896,-0.019305652,-0.0055025923,0.1843556
-0.19019586,0.29021567,0.40340978,1.8427907,-0.30222717,0.99923617,0.18116891,-1.1522962,0.3733165,-0.20206892,-0.59149,-0.88075614,-1.1084805,0.05834098,-0.92670363,0.0037879993
-2.4554815,3.5952764,-1.2852185,-0.39447856,-0.2284816,0.33762148,2.0319278,0.1464963,4.5356474,0.71623296,1.1308204,-2.3618436,-2.7428288,0.5271471,-1.0607654,-0.56028676
-0.37945163,-0.022686286,0.16226286,0.35808504,0.005320966,-0.20504689,1.1416261,-0.30742446,-0.12984125,0.5071177,-0.6832393,-0.53442705,0.04813863,-0.34638205,-0.06963863,0.29732904
0.25015762,0.37807864,0.029381817,0.64653116,0.1390511,-0.69413376,0.4849648,-0.38796237,0.16210565,0.4093174,0.22750567,-0.020668369,-0.44471833,-0.43588454,-0.34368023,-0.14965442
-0.5493281,0.5197363,0.00865396,0.6230647,0.080199264,-0.17205681,0.5804915,-0.8558423,0.08113355,0.40718234,-0.26156595,-0.6928045,-0.036250185,-0.3396859,-0.08831504,0.110271536
-0.30137452,-0.15123689,-0.21029598,0.0019662476,0.18088782,0.09934665,0.007395265,-0.12721524,-0.18004517,-0.041654844,0.0012352251,-0.12009001,0.17075369,-0.08444647,0.06474538,0.207509
-0.9732637,1.8633766,-0.33227178,1.4656143,-0.7195999,-0.40695402,-0.06857217,-0.3703686,0.25447017,-0.16509211,0.7222819,0.16833983,-0.6315378,-1.1534446,0.46693352,-0.2558099
-0.43071124,-0.1492726,-0.26574075,0.020436436,0.09053589,-0.05151628,0.14701182,0.21146259,-0.34447387,-0.088931054,-0.13738048,-0.19539234,0.25589013,-0.37116715,0.18412007,0.44935986
-0.8335387,-0.6070113,-0.47848704,0.23476233,0.57712126,0.87654036,-0.5594661,-0.8543473,0.038763035,-0.8147548,-0.33209065,-1.098139,0.5469432,0.50650287,0.14314131,0.28545654
-0.9791096,1.3549366,0.015692905,1.292897,0.39969087,1.0017345,-0.5774607,-0.35267112,1.8603295,-1.028886,0.6397606,-0.6941921,-0.43841293,1.1727171,0.13534328,-0.3354013
-0.19223295,0.103193544,0.0041122525,-0.35650966,-0.18803605,0.09288224,0.8732489,0.26024404,0.3537954,0.4500707,-0.2756111,-0.59033316,-0.5943746,-0.12642524,-0.085070744,-0.11353959
1.3652188,-0.35466063,0.19299187,0.37002912,0.035645466,-0.7202068,-0.037339117,-0.41396195,0.0060043335,-0.055785477,-0.5040164,0.07423233,-0.76931965,-0.20467833,-0.73365957,-0.25123462
-0.42443502,0.02067288,-0.8532422,-1.2117404,0.46217573,0.5295642,0.19992115,0.43173644,1.1921922,-0.24003087,0.7093025,-0.30874547,-0.8727985,0.5671826,0.11421512,-0.74340326
-0.59416085,0.65351963,-1.3647057,-1.562932,-0.24411654,0.17048784,0.8956092,0.72327197,2.2399843,0.67212534,1.1472615,-0.9372952,-2.2188077,0.123099945,-0.79320425,-0.39862525
-0.13918316,-0.35839608,-0.35461125,0.17822962,0.3875643,-0.12751028,0.21804231,-0.4270058,-0.40145814,0.08786824,-0.042514343,-0.16540915,0.23716569,-0.19425216,-0.17238818,0.33036923
0.06164086,-0.073645554,-0.25603056,-0.3526432,-0.26456508,0.45979685,0.62531805,0.06295885,0.57240987,0.3299464,-0.06783986,-0.7161553,-1.0713906,-0.03387678,-0.5441171,-0.25756952
0.41958368,0.50285,0.22117443,0.6284326,-0.24029815,-0.91267216,0.18496658,0.032028645,0.039600223,-0.08391989,0.11517627,0.38699007,-0.47071415,-0.27070743,-0.00804492,-0.36908516
-0.19911751,0.78278077,-0.42225024,0.993328,-0.111663416,-0.41360712,0.07728653,0.009451917,-0.6411881,-0.58194095,0.16778457,0.75885034,-0.22388959,-1.1365741,0.54484844,0.13825676
-0.16055419,-0.6142559,-0.69871277,0.1147188,0.78593886,0.008378923,-0.18768457,-0.95612365,-0.43441665,-0.2899685,-0.098604225,-0.29231092,0.43893236,0.008202928,-0.21546425,0.29195765
0.38985085,-0.32429776,-0.014009948,0.10998336,0.09004738,-0.3799437,0.29155168,-0.04760415,-0.283151,0.10393469,-0.24875423,-0.18592004,-0.12074487,-0.27817285,-0.22068246,0.23870412
0.64226806,-0.34426495,-0.15344837,0.14368348,0.18018809,-0.27099958,-0.29928076,-0.38365054,-0.38976386,-0.2719123,-0.3462395,0.036037248,-0.04016567,-0.1556817,-0.16347761,0.03931384
-0.18727492,0.41660497,-0.12032816,0.9852711,0.3506551,-0.78513014,0.6793695,-0.4672134,-0.65113586,0.07680547,-0.24038957,0.068397544,0.27330858,-0.72716767,0.19400744,0.45527717
0.91601735,-0.4763321,0.0038021991,0.53266615,0.027176894,0.28470802,-0.83325356,-0.7782479,-0.30263114,-0.76032007,-0.6505358,-0.18369643,-0.3720649,0.22218427,-0.49382913,-0.12311673
0.047514204,0.42341137,0.30558914,0.74431413,-0.79088616,0.09128054,-1.43227,-0.7083661,-0.27274,-0.9678997,-0.22551157,-0.3813771,0.02926655,0.01650589,0.30254197,-0.4466361
0.23441464,-0.29063606,0.11560142,-0.17498969,-0.27069587,0.23870963,0.369587,0.4748232,0.37225127,0.097634375,-0.14104721,-0.43396732,-0.7650716,0.24133338,-0.35728246,-0.30605552
1.5384372,0.61277133,-0.76655066,-0.4885986,-0.9041945,1.0231094,-1.6509948,-0.9715136,2.0120366,-1.5192897,-0.07515751,-0.54873425,-2.0022702,1.1726785,-0.97528833,-2.1178699
0.0377499,0.32273397,0.1062791,0.15442425,-0.15976733,-0.46176124,0.7557576,0.111696236,-0.08195888,0.20897743,-0.3299319,-0.056914892,-0.20050783,-0.4246253,0.21459259,-0.018389212
0.90042436,-0.22630753,-0.041572493,0.7073346,0.17440298,-0.78764,0.002418029,-0.33688864,-0.8243517,-0.4095103,-0.5247818,0.27775982,-0.067781985,-0.5510661,-0.12329304,0.31398624
-0.1032197,0.8663678,-0.09976179,1.3627238,0.20616852,-0.6209806,0.18201931,-0.99554074,0.05403597,0.20070052,0.15947038,-0.24545914,-0.14473617,-0.5705296,-0.29706994,0.08516528
-1.4122779,0.8368991,-1.2710106,1.0377821,0.39009202,0.081494115,-1.2427976,-1.9851139,-0.5832998,-0.67007834,0.06526167,-1.317619,0.7112867,-1.0292091,0.35262358,0.27821568
0.052885346,-0.36527982,-0.5498733,-1.0884238,-0.20850368,0.2960851,1.201222,0.64462006,0.63807297,0.48256114,-0.034894757,-0.9194073,-1.2640804,-0.1775755,-0.48479798,-0.0043299217
-0.012620691,-0.40714702,-0.3781754,-0.93059444,-0.23731653,1.3410842,1.0371261,1.3438534,1.5673549,-0.2710258,-0.11742344,-1.1647524,-1.3004885,1.2350706,-0.2858935,-0.6643846
0.8683087,-0.26657876,-0.5393448,-0.67323804,-0.09739442,0.08538655,-0.50007206,0.27391353,1.0045459,-0.5401362,0.108440034,0.08837139,-1.0730742,0.58865684,-0.3315892,-0.89351356
0.19570981,0.3994756,0.039708108,0.74339,0.06432619,-0.5245953,-0.10015689,-0.30510908,-0.041532572,-0.050338812,0.13654542,0.14055125,-0.12664443,-0.23026316,-0.17966579,-0.022197094
0.5312774,0.6546721,-0.14409609,0.9345578,0.12550601,-1.0522759,-0.008900855,-0.41465297,-0.38837156,-0.11197172,0.26476932,0.51938254,-0.123412,-0.57831043,0.0042880685,-0.0035111671
-0.12004713,-0.03324723,-0.25164846,-0.5562059,-0.17085329,0.06856134,0.6712862,0.26583174,0.20836078,0.3551447,3.5924106e-05,-0.39524895,-0.66323775,-0.32371765,-0.024924502,-0.08389007
0.30635092,0.010866056,0.055665463,-0.06046837,-0.3732665,-0.3146105,0.17374878,0.38869333,-0.08626743,-0.2477577,-0.34771493,-0.119468264,-0.28029412,-0.36278453,0.2710881,-0.031047732
-0.16449687,0.11283017,0.02907643,-0.41270083,-0.28626722,-0.023550395,0.9036518,0.5464358,0.28930184,0.3473328,-0.3681559,-0.5516858,-0.50963163,-0.23694873,0.10636685,-0.08684349
0.35709304,-0.15897489,-0.34322923,0.622808,0.12230117,0.5777618,-0.8432723,-1.2868651,0.18447243,-0.61197627,-0.42261413,-0.653489,-0.44342598,0.17545155,-0.7115543,-0.2526052
-0.027414229,0.19595228,-0.3135175,-0.781009,-0.4137103,0.2953893,0.75337416,0.9059905,1.354998,0.25666916,0.20520747,-0.66477257,-1.4037422,0.47032598,-0.45192978,-0.58397335
0.19072628,-0.10887172,0.56810623,1.349834,-0.10382214,0.5339383,-0.370807,-0.47361413,-0.33726564,-1.0358487,-0.6957476,-0.020332837,-0.120528996,0.30202582,0.05221151,0.15333813
-1.3939092,-0.21348023,-1.1070977,-1.9377618,-0.37068218,0.030739209,1.8798268,1.7662635,0.6551946,0.64910173,-0.7123959,-1.8502829,-0.32648146,-0.86919874,0.77190804,0.7772142
-1.736354,0.2803488,-0.090025395,0.86672395,0.6925522,0.2200454,1.0054182,0.037449982,-0.24399793,-0.23979676,-0.63519275,-0.62214863,0.6625658,-0.4339788,0.7307814,0.8417437
0.19108577,-0.4415346,-0.21812421,0.18827781,0.31666923,-0.40946126,0.31039712,-0.24315555,-0.40670735,0.1769869,-0.08042632,-0.16062939,0.12779857,-0.24123064,-0.27187067,0.38196543
1.0395595,-0.31565413,-0.019735843,0.43634605,-0.05963033,-0.20598537,-0.6624277,-0.44363192,-0.5424328,-0.9513903,-0.79540986,0.24105233,-0.31701255,-0.18486783,-0.032896254,-0.10138995
0.4081792,-0.39583614,-0.51859,-0.7369041,0.12066973,0.80106056,-0.7605999,-0.041371673,1.0035766,-0.8003268,0.113798834,-0.48130804,-0.6015639,1.0452967,-0.25875756,-0.8846007
0.63280547,0.066970736,-0.07787526,1.2126236,0.38358918,-0.5857005,-0.09208583,-0.8012014,-0.5021545,-0.22918755,-0.26224747,0.41211894,-0.25360197,-0.44223443,-0.43752462,0.11421921
1.2665887,-0.15223312,-0.07650027,0.47588155,-0.12101646,-0.46019343,-0.870005,-0.7121579,-0.6434876,-0.81973493,-0.68534374,0.18472998,-0.29526815,-0.2549069,-0.21542642,-0.19356957
1.4919767,-0.6296253,0.07704026,0.8083509,0.25872913,-0.63467526,-0.019827113,-0.7347291,-0.61783284,-0.43569928,-0.9698964,0.09996428,-0.49957365,-0.38610694,-0.68320364,0.15934406
-0.47799432,0.2667462,-0.21705486,-0.55553645,-0.32729217,0.47928482,0.25310272,0.58230424,0.8997231,0.042482786,0.4020198,-0.3377011,-0.74307173,0.36057836,0.24868616,-0.5822931
-0.3342711,-0.29477668,-0.042972576,-0.63915175,0.1579954,1.040729,1.2448684,0.8157176,1.2631923,0.20920923,-0.43650588,-1.1453822,-0.4851555,1.0971571,-0.023466542,0.0036537545
-2.08009,0.2699504,-0.5678301,0.22031634,0.005296097,0.30241024,1.6237034,0.71479857,-0.41051745,0.07362162,-0.9668924,-1.3319714,0.2797752,-1.2679969,0.96259034,1.1026075
1.2868288,0.09607287,0.26834047,0.8154526,-0.037787914,-1.3770053,0.76970387,-0.435964,-0.41878358,0.30947712,-0.53745234,-0.02806958,-0.7792824,-0.86424917,-0.48962542,-2.8507955e-05
-0.63526607,0.7667369,-0.040881485,1.0487013,-0.28351292,0.10754079,0.11655963,0.11929921,-0.33743027,-0.63497263,-0.11771919,0.37168604,-0.18983173,-0.825946,0.6732112,0.1871826
1.1081511,-0.7217137,-0.52926993,-0.77984077,0.46047485,-0.4556917,-0.13053694,-0.10786318,0.37632933,0.009597681,-0.019207,-0.05853177,-0.7522276,0.09001775,-0.58081865,-0.30892447
-0.9190396,0.2581602,-0.21415287,1.0181314,-0.26676103,0.08596636,-0.46990675,0.08127955,-0.9477605,-0.8195083,-0.28586176,-0.3383937,0.25889087,-1.0135337,0.7345276,0.7224316
-1.6358651,1.2978665,-0.55232805,1.1330851,-0.070011705,-0.08310907,-0.4876318,-0.23505859,-0.30785102,-0.37652254,0.40161827,-0.2375099,0.29421428,-1.2915254,1.0463847,0.36678395
-0.26756504,-0.12971382,-0.18684502,-0.35130286,0.02764388,0.26796806,0.55940443,0.029577304,0.24270655,0.33766505,-0.07752454,-0.5304848,-0.38581133,0.014481511,-0.09128014,-0.017565882
-0.70019543,0.7711064,0.89575666,3.8347359,-0.4114041,2.568877,0.6633591,-1.2079015,0.9254206,-1.4962648,-1.0939329,-1.3230108,-2.0330975,0.53160894,-0.97133845,-0.03586001
-0.31296906,0.10211861,-0.29038325,-0.80012107,-0.23770912,0.08350905,0.8823177,0.5811627,0.419428,0.39089173,-0.12535465,-0.516504,-0.55612063,-0.22809184,0.22523299,-0.13713285
-0.09332654,-0.08071046,-0.31383765,-0.1843272,0.33337638,0.29017597,-0.16933902,-0.45274624,0.1151441,-0.22709565,-0.03200777,-0.19583295,-0.0072217905,0.12714359,0.009814963,-0.15488642
-0.8072054,1.4907473,-0.6112753,0.21359155,0.3432974,0.9912857,-0.31789514,-0.7145754,1.9928548,-0.60350835,0.85401094,-1.059432,-1.0955796,0.7059108,-0.30674222,-0.7827422
0.22727038,0.069536515,0.029186008,0.8056206,0.3540018,-0.42212072,0.27310607,-0.41694713,-0.35497758,0.0015355045,-0.10975696,0.32608503,-0.080861695,-0.33053288,-0.16411477,0.12772715
0.24619102,0.64618593,0.104827456,1.9008132,-0.18106724,-0.039401963,-1.3105819,-1.4766928,-0.37734148,-0.9265479,-0.4745302,-0.2702309,-0.06913676,-0.08957451,-0.40972596,0.023916274
-0.052968822,-0.13191648,0.05674233,0.104713984,-0.2320735,0.26389664,0.7558822,0.28650543,0.057796948,0.11522418,-0.52895665,-0.42473307,-0.40333325,-0.21539275,0.023898223,0.013981644
0.38640302,-0.84851915,0.22616187,0.8556224,0.44310665,0.54098976,0.02878526,-0.54414904,-0.24472849,-0.5203986,-0.68643755,-0.29849133,-0.16579545,0.23825042,-0.4730202,0.20568156
0.48701853,0.668242,0.116722316,0.52620965,-0.54407793,0.27733955,-0.3602115,0.40884316,1.4264363,-1.0294238,0.4146311,0.61100817,-1.1935984,0.8183362,-0.006210075,-1.2615502
0.090310514,-0.16425987,0.19518027,0.6464921,-0.01814367,0.177887,-0.16811728,-0.2602544,-0.36337164,-0.55307484,-0.46013704,-0.021919817,0.012761819,-0.04368588,-0.03127398,0.1883224
0.8260017,-0.7784981,-0.06911187,0.33362624,0.2578939,-0.025966004,-0.30555856,-0.68796355,-0.41084644,-0.32855725,-0.6611445,-0.19082636,-0.2532086,-0.059199262,-0.58357793,0.019442603
0.83320844,-0.036709163,-0.36707637,0.97050804,0.4611179,-0.44690144,-0.8026261,-1.125241,-0.69110215,-0.62281007,-0.37019852,0.27999055,-0.014468106,-0.25631714,-0.40734577,0.03057844
0.6485774,-0.36052537,0.30476978,0.41976532,-0.08349311,-0.33278364,0.9607945,-0.15691894,-0.08487898,0.3455213,-0.54807645,-0.22861359,-0.816121,-0.53385735,-0.5632847,0.016527517
-0.88294774,-0.13608384,-1.1690533,0.35668427,1.1639689,-0.37587008,0.06722565,-1.4000932,-0.6259992,0.034744896,0.17880394,-0.70216984,0.83225006,-0.42682648,-0.036691964,0.6551376
-0.03708524,-0.11591554,-0.16645029,0.4007943,0.20048581,-0.14137629,0.12875938,-0.27317858,-0.47355756,-0.08813971,-0.13238709,0.08612741,0.18073821,-0.27331853,-0.02896306,0.30379307
-0.9410911,1.7847426,-0.741327,-0.019950753,0.30033812,1.1437349,1.4947033,-1.2278823,3.0723612,0.33945668,0.0071309176,-2.6211603,-1.8548985,0.7176595,-1.5030348,-0.4599513
-0.4328406,0.4190496,-0.9927016,0.16549954,0.726711,0.015562923,-0.31308055,-1.2167172,0.47171432,-0.24862903,0.42827922,-0.4878321,-0.18250245,-0.15504338,-0.27164033,-0.26605558
-1.4408206,1.0267936,-0.85999537,1.4818225,0.17495817,0.06409545,-0.81399137,-1.2737675,-0.8474156,-0.57061875,0.17899758,-0.63457006,0.58908147,-1.2636967,0.57560146,0.51573205
0.2934451,0.5897059,-0.66449165,-0.3337556,-0.32541654,0.6896089,-0.7360479,-0.3815176,1.4087604,-0.5793727,0.52836865,-0.4364183,-1.3533968,0.51127625,-0.60230726,-1.179274
-0.1718634,-0.45040154,0.40570408,0.97684133,0.20750892,0.7342233,0.32827282,-0.39661857,-0.12249793,-0.29481462,-0.5573126,-0.461361,-0.2009582,0.2081588,-0.162451,0.20811075
-0.46401873,0.49308786,-0.041007016,0.4175608,0.06953668,-0.34413725,-0.07004397,-0.14732397,-0.22541346,-0.02839572,-0.0052677128,-0.30513194,0.29752222,-0.45200306,0.41469342,0.18574525
0.15498294,-0.46398973,0.114529364,0.2825732,0.115832895,0.5867364,-0.08575141,-0.34769705,0.005924629,-0.25431505,-0.32964,-0.30390245,-0.22529887,0.3012245,-0.27057877,-0.14588921
0.26964206,-0.10652336,0.1913529,0.065695055,-0.2685554,-0.07712096,0.20125563,0.19097109,0.14761044,0.03153922,-0.11581371,-0.13230398,-0.5184826,0.01571245,-0.21734707,-0.26517212
-0.67320216,0.19485871,-0.6697841,-1.0679451,-0.4773265,0.12659575,1.7905773,0.56778723,0.6209266,0.95829517,-0.4404367,-1.3393549,-0.9941363,-0.75280964,0.06557431,0.3067982
0.11325345,0.20841523,-0.7302944,-1.1808991,-0.47649163,0.38932446,0.10654849,0.5265712,1.565589,-0.030174477,0.4476658,-0.6170778,-1.4664239,0.58776885,-0.39016408,-0.9840757
-0.036023553,0.18650225,0.14494166,0.013698308,-0.34762937,-0.18382321,0.25772294,0.24158145,0.32465565,0.19180068,0.11539652,-0.09267952,-0.5520979,-0.018294247,-0.02989957,-0.33479974
-0.34567374,0.10637958,-0.28516448,-0.87089616,-0.38440415,-0.1376154,0.6919089,1.1443517,0.80667293,0.2017863,0.14920533,-0.3272575,-0.71600986,-0.041889086,0.29915738,-0.36639968
0.27824983,-0.22680098,-0.17526203,-0.39862454,-0.025331954,-0.16517717,-0.036674477,0.34803078,0.3665063,0.018282507,0.24949022,0.06296494,-0.60986906,0.06697074,-0.18181515,-0.32362399
-1.0340244,1.8469847,-0.11653627,0.7718962,-0.71859896,-1.0716745,0.7528079,0.5118374,-0.06561634,-0.108515225,0.33241913,0.4521845,-0.695251,-1.3928918,1.2156531,-0.36123607
-0.20576434,0.33663052,-0.748348,-0.5119957,-0.094529815,0.10935208,0.44786036,0.0022452627,0.9370082,0.44258243,0.68963486,-0.53592265,-1.5329629,-0.31204164,-0.75470006,-0.18671028
-0.2812879,-0.32465765,0.829226,1.2052305,0.51003695,1.6836486,1.426181,-0.48867825,1.3797065,-0.15727906,-1.179422,-1.5069401,-0.5518248,1.6095593,-0.7798557,0.00482982
1.0549335,-0.24541746,0.14115538,0.19792593,-0.21465917,-0.3675615,-0.0023738649,-0.12240025,0.10215796,0.008309023,-0.4069309,-0.21257421,-0.87777966,-0.26129016,-0.6207108,-0.16957816
-0.2673961,0.0148311695,-0.8681816,-1.1459401,0.54020655,0.5892421,0.38319442,0.42120317,1.2778506,-0.124945834,0.53444237,-0.57242537,-0.92312115,0.59392977,-0.29077908,-0.4789322
0.50021243,-0.22707401,-0.1303966,0.13319032,0.060807385,-0.14850637,-0.5347982,-0.4318096,-0.43561918,-0.41535056,-0.3590898,-0.012802574,0.07604816,-0.06313595,-0.09589398,-0.0065781707
-1.2868853,-0.25915638,-0.17035219,0.7086922,0.3566041,0.67901707,-0.5171661,-0.32365662,-0.12403318,-0.60434794,-0.1851832,-1.0864887,0.65288424,0.13023648,0.53844374,0.72579885
-0.17073709,0.6197435,-0.018350463,0.6848164,-0.026718965,0.75376403,-0.7390846,-0.23874976,1.0411379,-0.9665676,0.5454584,0.042403936,-0.5386989,0.71421075,-0.07763833,-0.74339294
0.3890674,0.18484676,0.28931478,0.101254836,-0.4015859,-0.4789643,0.62932175,0.2128029,0.17921007,0.15899628,-0.25350794,-0.18597952,-0.8744315,-0.315169,-0.2031382,-0.34921578
0.066561885,1.2495483,-0.5887226,0.41698378,-0.118751176,0.3899504,-0.817634,-0.7776781,1.6838236,-0.3264373,0.7656887,-0.7317722,-1.3638949,0.39626908,-1.0282896,-0.7949227
0.11192613,0.2070859,0.14150478,0.18791953,-0.13815571,-0.35273898,0.23226511,0.08637567,-0.072009206,-0.017501555,-0.14873062,-0.016289087,-0.12737799,-0.17237175,0.086558916,-0.08163679
0.16453555,-0.5630878,-0.91793567,-1.0504024,0.72084314,1.0193985,-0.544435,-0.59722245,0.7458175,-0.9010262,-8.120385e-05,-0.75703037,-0.48075077,0.9238147,-0.3654044,-0.7732524
0.5297062,0.19970618,0.17127685,0.24397954,-0.7257701,0.11438817,-0.32901946,0.042308137,0.5716041,-0.3157658,-0.061388843,-0.21268463,-1.0094762,0.2834883,-0.3755038,-0.7605157
0.503615,-0.15224901,0.19859396,0.7339314,0.34475538,-0.4436656,0.2636339,-0.46000022,-0.17087673,0.2206708,-0.18583924,0.110162824,-0.2578228,-0.22939093,-0.48274592,-0.0031192598
0.13061072,-0.03428435,-0.7049873,-0.7435165,0.27861848,0.21098971,-0.44681385,-0.19666198,0.6116746,-0.2975098,0.46134531,-0.045693833,-0.62829757,0.21781787,-0.18842581,-0.64687127
-0.40937436,-0.11350699,-0.4251395,-0.5213463,-0.12220798,0.013011925,1.1492248,-0.023792297,-0.012612519,0.56949633,-0.21626273,-0.61001354,-0.4435093,-0.63791376,-0.09818071,0.26660195
-0.23058976,0.60711855,-0.20274067,0.6052859,0.25118735,-0.52687645,-0.1267668,-0.20864023,-0.16159485,-0.011480354,0.3468251,0.019366918,0.22512461,-0.45902935,0.22092508,0.081082225
-0.8187465,0.7945849,-0.14606008,1.211976,0.04430938,-0.10258971,-0.4752709,-0.21033913,-0.49915975,-0.61215377,0.11796375,0.12645987,0.20292474,-0.7495434,0.5504409,0.26932293
0.9381906,-0.20001389,0.009808014,0.41751277,0.104687326,-0.57825696,-0.35819563,-0.3844725,-0.16911338,-0.32812375,-0.24553011,0.37134996,-0.33588883,-0.112180956,-0.3274274,-0.22082798
0.053807408,0.27456346,-0.16103734,0.0751603,-0.3220916,-0.78800464,0.82832795,0.52845126,-0.5469594,-0.14215484,-0.72943723,-0.27736843,-0.12489567,-1.0762101,0.6410991,0.37340617
0.4987891,-0.42777556,-0.35268614,-0.5598041,0.053727057,-0.033909213,-0.06802093,0.38367927,0.53707683,-0.10906726,0.1101996,-0.096096836,-0.7750157,0.23087068,-0.33110753,-0.42997333
-0.95920694,0.37020537,-0.23625982,0.14708096,-0.035258487,0.00037490792,-0.19563729,0.17081706,-0.11342791,-0.104127645,0.05682489,-0.354686,0.19146137,-0.61981577,0.6277234,0.28890848
0.16278873,-0.3688342,-0.5826225,-0.51242965,0.44793534,0.43046767,-0.57701504,-0.6008556,0.22125177,-0.5566609,0.07049149,-0.20225468,-0.19077827,0.35516062,-0.13236304,-0.4791779
-1.2729721,1.3988223,-0.64741933,0.1400678,0.3104903,-0.11785697,0.6472126,-0.44666442,1.2709104,0.5124529,0.4732305,-0.9308297,-0.7360687,-0.43847832,0.011338792,0.17505902
0.025200546,0.27064326,0.22993751,0.18664555,-0.23023248,-0.3615539,0.31952545,0.069068804,0.09037719,0.11750554,-0.15204974,-0.11465252,-0.22523004,-0.10702166,0.03410591,-0.19854406
0.58981574,-0.10081482,0.20182694,0.8814653,0.19381174,-0.35052758,-0.046500955,-0.5699597,-0.25507236,-0.15478909,-0.3838561,0.22438234,-0.30212742,-0.20034349,-0.4698165,-0.04042431
-0.44225094,0.6803639,-0.8354041,-0.25317013,0.45180514,1.0424334,-1.1475613,-1.2342385,1.1619267,-1.0297834,0.34262076,-0.91551936,-0.41348696,0.6516253,0.09050573,-0.96722376
-0.149732,0.12752198,0.101171,0.48737505,0.26181984,0.32482886,0.02341243,0.06426188,0.34298846,-0.37163278,0.19431244,0.14228837,-0.23780085,0.29621696,-0.12510225,-0.11664955
-1.3419795,-0.6982772,-1.3096507,-1.6728604,0.39464548,1.1714523,1.5913832,0.5468276,1.2723655,0.5759045,-0.1518624,-2.2220314,-0.43494305,0.69709575,-0.17523643,0.7723922
0.21277058,0.18637443,-1.5084667,-1.7431344,0.15359782,1.2099862,-0.68935484,-0.13919732,2.121402,-0.8064531,0.6648386,-0.92408496,-1.7056153,1.1632586,-0.6420513,-1.5376811
0.07864235,0.6232698,0.5257214,0.44727683,-0.7543631,-0.18413925,0.5651541,0.054948412,0.5937364,0.20401928,-0.1521865,-0.4351558,-0.99886596,0.030961353,-0.38060552,-0.71788394
-0.28133687,0.22290252,0.39172935,0.830409,-0.5808452,0.35637942,-1.5053759,-0.46580905,-0.4075234,-1.1354196,-0.43253323,-0.71782553,0.140031,0.098653525,0.5979903,-0.12707874
-1.4295046,0.058626574,-0.71566576,-0.48917168,0.47596133,0.5015893,0.48145717,0.42569804,0.40074587,0.03923234,0.020423165,-0.99719006,0.020226814,-0.35528398,0.6889613,0.49114454
0.23778994,-0.65843934,-0.09193614,0.18254247,0.29725456,0.44465983,-0.20348988,-0.48764667,-0.09312692,-0.35601896,-0.35957426,-0.28071097,-0.077979565,0.26863277,-0.3483229,-0.048801165
0.31471834,0.123207666,0.19163309,0.90040797,0.2539268,-0.7088878,0.6749262,-0.55760586,-0.31055725,0.39945784,-0.22116077,-0.05293658,-0.26622042,-0.48312965,-0.36058274,0.11735739
-0.64897853,1.1734909,-0.46257997,0.5615033,-0.5160361,-0.9014267,0.657491,0.26275614,-0.97523737,-0.20599376,-0.2706609,-0.11187655,-0.021097606,-1.7563964,1.1828244,0.43430218
0.31239617,0.15570952,-0.03735244,0.19552281,-0.0060210982,-0.42861807,-0.06635444,-0.023190377,-0.14813408,-0.10411044,0.08247405,0.2412768,-0.0771356,-0.17841387,0.023170093,-0.09351845
0.27151963,-0.3273306,-0.07304127,0.032710306,0.103925824,0.36040944,-0.44727653,-0.30046067,-0.016327016,-0.35713997,-0.19985297,-0.13776521,-0.06117354,0.2950685,-0.09712371,-0.18875824
0.18476677,-0.5244011,-0.5073348,-0.25450104,0.39515004,0.33561176,-0.38444152,-0.6499964,-0.086424895,-0.35846847,-0.093321815,-0.2672518,-0.2955121,0.08530611,-0.35399905,-0.25958392
-1.3321735,1.5455594,0.6902484,1.0283853,0.0080438955,-0.01861468,1.6789612,-0.5414856,0.9987413,0.5126453,-0.8831085,-1.0608197,0.084846586,0.2756699,0.27414477,0.03323453
0.09850889,0.5080357,-0.33275577,1.1927934,0.17001987,-0.95811933,0.5950529,-0.3790627,-1.0967748,-0.33660275,-0.27803525,0.41075712,0.04347924,-1.2165236,0.34496543,0.586119
0.09230462,-0.16973592,-0.04310609,0.33294505,0.22514041,-0.26517043,0.3533993,-0.16503887,-0.33531585,0.098941386,-0.1862916,-0.025577895,0.07449582,-0.2729327,-0.09905253,0.24765985
-1.386134,0.8983049,-0.027440822,0.3059433,0.12375076,0.27799132,-0.04307821,0.57508594,0.85891736,-0.4009819,0.6287074,-0.012820586,-0.23719943,-0.044374857,0.89870477,-0.29537946
0.19094457,0.2298658,-0.13640441,0.3274068,0.01650386,-0.284249,0.30973166,-0.22670634,0.012888618,0.21551095,0.1789007,0.11919572,-0.45708457,-0.41477782,-0.20247884,-0.063095056
0.0013708706,-0.21676148,0.04153009,0.29069206,0.117151976,0.25970605,-0.019156214,-0.04663502,-0.1057869,-0.24186298,-0.20804998,-0.05955163,-0.046005163,0.046433486,-0.03506763,0.10852881
-0.34315318,0.08442856,-0.9949012,-1.6674571,-0.09920079,0.76050425,0.8119606,1.0204762,1.8936781,0.20126168,0.5671399,-1.0218241,-1.6282619,0.8580377,-0.46724972,-0.76313704
-0.1000713,0.07416513,0.43512207,1.2197741,0.17420548,0.30411473,0.3163765,-0.66039795,0.14694914,-0.048895683,-0.37033468,-0.15618148,-0.40394258,-0.008050692,-0.5050089,-0.015973344
-0.22246014,-0.4029824,-0.666851,-0.65040874,0.4583774,-0.18679237,0.33181053,-0.12065241,0.11034006,0.13620934,0.3211065,-0.18114987,-0.12341129,-0.05167334,-0.17043315,0.12734675
-0.7456802,0.026774168,-0.5315266,-1.1153615,-0.030134305,0.5234909,0.9297315,1.403982,1.0929613,0.09856638,0.059130657,-0.89948404,-0.74149644,0.25003746,0.3769154,-0.2540279
0.254203,0.20219044,0.23987135,1.3947637,0.24195676,-0.07944173,0.4081411,-1.1076083,0.28107327,0.30746126,-0.36100075,-0.4665726,-0.711311,-0.26288047,-0.96620333,0.065749764
0.51141834,-0.16438948,0.2528785,0.122410014,-0.02488997,-0.41617206,0.5010876,0.026581138,-0.04856789,0.1697921,-0.41867292,-0.22467749,-0.4451391,-0.2695786,-0.25949988,-0.040454064
0.086639576,-0.0064456244,0.020818565,0.34363952,0.19797204,-0.26036015,0.41363037,-0.28724226,-0.14200674,0.29807854,-0.11124156,-0.0619339,-0.10947281,-0.26063922,-0.18326451,0.07194818
-0.43036422,0.58849794,0.31498384,0.50485134,-0.15214995,-0.061009087,0.53254426,-0.20531514,0.5144318,0.21384102,-0.034243062,-0.23606111,-0.23944743,0.06262079,-0.010952763,-0.23680525
-0.034131244,-0.2442756,-0.20620732,0.5706874,0.41676107,-0.4529709,0.14714634,-0.47165674,-0.72528565,-0.01066912,-0.1783013,-0.13959283,0.44470328,-0.31127167,-0.059384283,0.5539876
0.17738664,0.7026822,-0.10103363,1.0400555,0.12365767,-0.7247814,0.20375742,-0.39740354,0.035612296,0.1148738,0.41096127,0.36358738,-0.29130027,-0.504969,-0.18871683,-0.08020587
-0.15408361,-1.0550108,0.36128774,1.3420612,0.60913163,0.8687797,0.43715996,-0.7475315,-0.28725597,-0.45939174,-0.90466344,-0.7944376,0.033110492,0.36292425,-0.5065167,0.640254
-0.0011597576,-0.27247563,-1.3869383,-1.6288639,1.0303311,1.1548523,-0.7735843,-1.3546336,1.1543434,-1.1058229,0.06594044,-1.1726301,-0.33738834,1.1251931,-0.3046144,-1.0527394
0.77959627,0.03362174,0.10246409,-0.00552898,-0.20166768,-0.8476613,0.56104165,0.31747398,-0.24505205,-0.10444889,-0.62364066,-0.18434669,-0.4933332,-0.6008227,0.18088943,0.018765358
0.32710177,-0.3626034,-0.18977964,-0.123063475,0.034650985,0.39069435,-0.22601907,0.12360634,0.35619754,-0.22784723,0.052441213,-0.2326878,-0.61582845,0.3309948,-0.34511358,-0.31098145
0.009548795,-0.18345103,-0.24382293,0.18197474,0.21198855,0.36662167,-0.3638232,-0.5941793,-0.005635265,-0.36995813,-0.18086533,-0.13131449,-0.15120786,-0.0034519897,-0.25322005,-0.19917604
0.36207572,-0.20584819,-0.022011314,0.4559138,0.2282868,-0.15017033,-0.3436487,-0.610303,-0.3206179,-0.21278197,-0.30670258,-0.048169207,0.068302184,-0.04505137,-0.25911158,0.0070775882
-1.3606762,0.06688435,-0.08908615,1.0592365,0.6109275,0.55315346,-0.2931476,-0.262701,-0.1707411,-0.5953666,-0.10741705,-0.48727843,0.66127133,0.013440487,0.6183811,0.7159201
-0.2699911,0.118020035,-0.5154859,-0.5095052,0.09873422,0.1006099,0.08669994,-0.038943667,0.41270298,0.0878303,0.42335346,-0.2046504,-0.59833825,-0.11779345,-0.16870452,-0.28055578
-0.04475623,0.9329468,0.18843341,1.7346805,-0.9021502,0.36647752,-1.2144847,-1.3616282,0.043599136,-0.8121619,-0.2428577,-0.6452593,-0.5774105,-0.1596542,-0.3523512,-0.2285964
-0.33260506,0.6463825,-0.005067052,0.80315304,0.15009312,-0.37916446,0.50076884,-0.63077486,-0.038791534,0.29551613,-0.08528768,-0.20959106,0.0091815805,-0.42800272,0.020665867,0.13754039
-0.28975347,-0.47950777,-0.900811,-1.1733247,0.60564935,0.5511837,0.13972488,0.007477324,0.6893681,-0.2247193,0.3133925,-0.6712218,-0.4275216,0.55374783,-0.10681129,-0.29157993
-0.67599946,1.335493,-0.49900138,1.2721698,-0.0067056525,-0.691696,-0.15801117,-0.26925576,-0.12688223,-0.23088542,0.77653635,0.40095028,-0.18984725,-1.1361572,0.4174976,-0.020213604
1.0026445,-0.43724132,0.33789396,0.27095264,-0.030738084,-0.45634043,0.30970684,-0.22940372,-0.063221626,0.05168394,-0.6565313,-0.21473688,-0.6328441,-0.2632282,-0.5931202,-0.081915
-0.3857154,0.41451478,0.07554869,0.33650687,-0.27575913,-0.08848269,-0.32689157,-0.009684492,-0.19649012,-0.20176944,-0.02704415,-0.33189195,0.07418887,-0.41745296,0.46945634,0.086615495
-0.3074257,0.4299829,0.2697771,-0.030375594,0.27735794,0.39242047,1.1146843,0.4869845,1.3060907,0.16026722,-0.16265143,-0.62403136,-0.538226,0.8218381,-0.35367993,-0.30828586
1.1005466,-0.77713394,-0.053178925,0.54458165,0.55651474,-0.48030794,0.2474657,-0.8004214,-0.37470612,0.076692134,-0.6048875,-0.023603853,-0.41603634,-0.27569875,-0.86694986,0.056509003
0.30852395,0.25073293,-0.11750893,0.21204732,-0.12712158,-0.6554842,0.28066584,0.13929082,-0.52272993,-0.18089345,-0.23363528,0.0060054455,-0.09388587,-0.65903217,0.3147672,0.1968813
-0.7724283,0.5093904,-0.5629487,-0.75572276,0.08156455,0.31019008,0.3045685,0.6138418,1.3025712,0.052368272,0.8152278,-0.30077708,-0.8809321,0.20982757,0.16795115,-0.5265018
-0.22279699,-0.15532213,-0.016268127,0.28817028,0.3260001,0.51260436,0.30186558,-0.5118242,0.22124529,0.06853073,-0.20965782,-0.5337637,-0.43916413,0.094146505,-0.36203647,-0.096785195
-0.15299654,0.93294865,-0.29580876,0.19810317,-1.0847856,0.48439014,-0.5298088,-0.34863335,1.0059144,-0.19129619,0.539462,-0.5426998,-1.3958939,-0.010694796,-0.43675667,-0.978432
-0.79212165,1.718703,-0.17759617,0.49173984,-0.011425587,-0.9608812,2.3376718,-1.0208048,1.5131257,1.8340666,-0.14063779,-1.6356814,-1.2127109,-0.5974578,-0.75444907,0.17695072
-1.3138837,0.17321803,-0.551405,0.17260322,0.67121273,0.21942973,-0.10674676,-0.4303661,0.12775172,-0.17571826,0.19524336,-0.74097604,0.552593,-0.2443642,0.5392547,0.4789154
1.019003,0.23185906,0.1570728,0.37201843,-0.4627352,-0.9280035,0.025204886,0.22113262,-0.5462314,-0.7350653,-0.7768571,0.17160761,-0.34402013,-0.6739246,0.44094533,0.10981828
1.090885,1.1731272,0.20813735,1.3209317,-0.6474071,0.27254167,-0.95850646,-0.4532513,1.5093083,-1.1895901,0.29413852,0.3107428,-1.7000294,0.7106002,-0.8452916,-1.1947112
0.87148565,-0.3400421,-1.2330203,-1.1509472,0.31335753,0.53312,-0.29600927,-0.034598716,1.613314,-0.3471965,0.33644256,-0.75172347,-1.8519852,0.6908112,-1.2564377,-0.8276559
0.17286012,0.33621177,0.08515472,0.43501168,-0.115185335,0.1692334,-0.4893504,-0.0407135,0.62474114,-0.7288364,0.45135126,0.58700997,-0.35851508,0.39428982,0.044100914,-0.6808872
0.50303626,-0.20634231,-0.05828463,0.25403038,0.29255456,-0.6034433,0.35550833,-0.19823304,-0.31681082,0.264121,-0.03694035,0.015250111,-0.189389,-0.32401815,-0.27156717,0.10803374
0.73184705,-0.3996634,0.41646117,0.24290924,-0.0778925,-0.06489897,0.5937187,-0.14119336,0.24349068,0.2778503,-0.5309415,-0.44979522,-0.85996306,0.047031887,-0.84745723,-0.28110436
0.39191607,0.229223,-0.42281145,1.0068824,0.2707525,-0.32056674,-0.6015768,-0.87702215,-0.46858352,-0.52608335,-0.074446835,0.3827614,-0.114119016,-0.4297196,-0.29191035,-0.015406028
0.028964821,0.035653304,-0.1655694,0.6036281,0.17696992,-0.025998956,-0.5276679,-0.6579116,-0.46917662,-0.43338278,-0.20068577,-0.017570926,0.21973594,-0.13177322,-0.1320582,0.09084159
0.93934506,-0.45314258,-0.123333916,0.32350758,0.1441689,-0.6195809,0.029327063,-0.32903293,-0.63569045,-0.22851238,-0.48424104,0.024784375,-0.18203521,-0.48001012,-0.22706442,0.21696715
-0.17503567,0.25950962,-0.070971556,0.17704245,0.06919818,-0.237334,-0.0984185,0.017773902,0.019201918,-0.02030795,0.20485058,0.022550557,0.06922352,-0.18283218,0.13964096,-0.03961796
-0.03448034,0.05784815,-0.15294062,-0.2172269,-0.19872439,-0.077841714,-0.067137666,0.37136686,0.38589153,-0.027481582,0.39489526,0.18585311,-0.48364127,0.070456274,0.12981288,-0.38287163
0.19408168,0.28861517,0.114767976,0.35735813,-0.031926602,-0.5806729,0.64259183,-0.038801257,0.1711625,0.348592,0.081693105,0.14725755,-0.6348098,-0.4179565,-0.20906194,-0.24101554
-1.657332,1.377082,-0.4995385,0.0058812476,-0.93013155,0.059404954,1.948408,2.4724858,0.27387488,-0.91824704,-0.6898035,0.05922438,-0.96036327,-1.6633947,1.8994774,0.012152496
0.6635722,0.008809793,0.013017572,0.174825,-0.17395322,-0.552899,-0.17983054,0.0045135627,-0.26249075,-0.36622503,-0.27921787,0.15396518,-0.1797756,-0.28370425,0.048657484,0.009859528
-0.14904022,0.2789555,-0.5353499,1.4345083,0.41889808,-0.32148677,-0.17390999,-1.0712757,-0.8294175,-0.3758906,-0.054585546,0.42259595,0.191872,-0.7193489,-0.18569507,0.43375733
0.56347716,-0.27950287,0.30365098,0.46561766,-0.3742032,-0.13657357,0.72677547,0.031485315,-0.39750883,-0.20815513,-0.9287572,-0.23593758,-0.651815,-0.54658866,-0.14194357,0.06274859
0.17314467,0.53767467,-0.1920696,0.30357778,-0.14566019,-1.0784396,0.93957305,0.45190907,-0.6419203,-0.12756707,-0.5513296,0.09126446,-0.19084159,-1.1780965,0.660759,0.2931506
0.52406055,-0.22530591,-0.66862977,-1.0101672,-0.028354097,0.027374737,-0.15413222,0.3220528,0.9505433,-0.17237696,0.23725824,-0.15364905,-1.0730336,0.35225955,-0.31469184,-0.7404117
0.29946467,-0.15402688,0.07703621,0.8382582,0.16620165,-0.30392727,-0.27553043,-0.61174625,-0.6573663,-0.52997804,-0.53392315,0.021467766,0.20305699,-0.1952052,-0.14192587,0.2887999
-0.5864678,-0.3740748,-0.9042242,-1.3564466,-0.14966676,0.3695287,1.1636825,0.52931285,0.49028987,0.57244885,-0.012006831,-1.2369347,-0.8502113,-0.27494666,-0.20113885,0.33969083
-0.8466159,0.9026312,-0.13134478,0.5448354,-0.13291521,0.30931276,0.13796395,0.20904322,0.86915845,-0.3560401,0.6774253,0.09276927,-0.69710183,-0.039159242,-0.043138213,-0.37116125
0.36507672,0.44659436,0.17090538,0.33290434,-0.38629666,-0.684248,0.90779346,-0.0047903685,-0.040215675,0.26998827,-0.2725112,-0.011525559,-0.74808043,-0.7067442,0.04679411,-0.1689395
-0.45555335,0.24742496,0.19681019,0.6788732,-0.100077406,0.17908008,-0.42978743,0.048477083,-0.20402138,-0.5374777,-0.10884156,-0.104356535,0.1256592,-0.15050636,0.4122139,0.20109606
0.85984504,-0.23875017,0.13193771,0.5172905,0.19399433,-0.7110606,0.5568491,-0.43490618,-0.12462312,0.4182415,-0.15840946,0.011160495,-0.6669219,-0.45097283,-0.6780137,-0.06420617
0.079285726,-0.4785013,-1.0219473,-1.5744562,0.1261861,0.825549,0.6433895,0.46564195,1.0545202,0.029298795,-0.0015191672,-1.1497283,-1.3141297,0.44092545,-0.4732168,-0.4979913
0.68134546,0.5743973,0.088872135,0.75635594,-0.3439948,-0.9374415,-0.36075705,-0.10274905,0.5610671,-0.022705348,0.48902905,0.30518514,-0.9120717,-0.19430612,-0.56565493,-0.5333068
-0.11279062,-0.37930208,-1.1541388,-1.6164677,0.79943025,0.22749932,-0.078477904,-0.12193503,0.8925615,-0.27152607,0.54380405,-0.38061732,-0.52470577,0.50537324,-0.11502471,-0.5816602
-1.206802,1.8530725,-0.6802145,-1.4026351,-1.2129508,1.3875704,1.0020957,0.8306837,3.5049589,0.023457658,0.5001074,-2.2346783,-2.352852,1.3827442,-0.41615352,-1.6795956
-0.4441882,-0.172381,-0.57207566,0.08708306,0.6138295,0.06556402,-0.23953891,-0.85611504,-0.17520122,-0.24320078,-0.080500394,-0.44586876,0.42419872,-0.02850705,-0.008754478,0.17060433
-0.38929427,0.17605282,-0.10838842,0.4327649,0.0700223,-0.20451799,-0.13648523,0.16883682,-0.48207346,-0.37651595,-0.1863689,-0.16728908,0.24742582,-0.54046357,0.3650764,0.39515278
0.5312237,-0.6601271,-0.17209987,0.16957244,0.3042181,0.17008522,-0.39522466,-0.5966258,-0.317389,-0.34522903,-0.42302877,-0.16628173,-0.14564717,0.039660767,-0.3968243,-0.05749161
0.014209754,0.14788198,-0.051307544,0.10554848,0.013471089,-0.36078554,0.022643115,0.062371414,-0.29783976,-0.016329125,-0.072888404,-0.18271306,0.08924862,-0.34655944,0.18712963,0.1347314
0.53244144,0.5944992,0.06555323,0.80559987,0.046154864,-1.0511763,0.26468965,-0.11220723,-0.24654825,-0.097977236,0.08563771,0.5041285,-0.28340837,-0.49153355,0.039162815,-0.106489345
0.5982514,-0.19262607,-0.5283511,-0.4324005,0.12548256,0.42253157,-0.74223846,-0.21721473,0.8002336,-0.6635308,0.21548988,-0.10175611,-0.8002246,0.6239099,-0.41684803,-0.78581935
1.2278752,-0.7356816,0.1261942,0.027251553,0.14142531,-0.17637303,0.21602212,-0.24575287,0.11423098,-0.021355595,-0.69960594,-0.39385027,-0.8254189,-0.0066821845,-0.8598305,-0.17895932
-0.051004857,-0.37655002,-0.2204362,0.10727206,0.6609997,1.0784292,-0.23757197,-0.625819,0.4382172,-0.7897611,-0.2687942,-0.63967246,-0.1895354,0.767526,-0.28322124,-0.2913157
-0.24170955,-0.19576564,0.82807714,1.6844199,0.27220628,0.9199293,1.1109018,-0.048758905,-0.025725907,-0.7819666,-1.0732466,-0.07260399,-0.44622937,0.28572375,0.003327964,0.046902105
-0.35069227,0.006458238,-0.46664968,-0.76411206,-0.21114534,0.3025183,0.6098571,0.1430155,0.38731557,0.36315507,0.07111816,-0.6895846,-0.76445025,-0.22716467,-0.08348923,-0.12194613
0.4869681,-0.660583,-0.73879826,0.7478633,0.9939157,-0.39694992,-0.7044611,-1.5663332,-0.9420727,-0.49223292,-0.33643585,-0.1772271,0.3970502,-0.20114931,-0.5468784,0.27815732
-0.31268907,0.22984782,0.017595215,0.45557198,0.23007569,-0.027960198,0.3305957,-0.47899482,0.030133303,0.17570889,-0.22206582,-0.15444721,0.06931903,-0.1735924,-0.019075464,0.08303896
0.95325756,-0.4136611,-0.10906276,0.57537955,0.3452186,-0.8557577,0.086961254,-0.5440503,-0.77053946,0.013962285,-0.33092844,0.11823542,-0.070597336,-0.47561648,-0.37215328,0.25596592
-1.0867087,0.0637114,0.7690919,0.9485358,0.53272086,0.7000822,1.9810288,-0.019077383,0.92292744,0.021654282,-1.3408898,-1.1125908,0.48856184,1.1140372,0.06628705,0.32730454
-1.7131345,3.0909274,-0.15514697,1.3639541,-1.1318628,1.5378075,-0.29183176,-2.010733,2.7893996,-0.5787524,-0.2821244,-3.5785196,-1.7623471,0.7724031,-0.5861715,-0.76333815
-0.07775932,0.39660186,0.009272884,0.31192395,0.046310417,-0.44257936,0.2000989,-0.016641961,0.055578,0.109871894,0.20215173,0.14472133,-0.09424213,-0.17339613,0.04778803,-0.10694923
-0.044872563,-0.55528194,-0.47804564,-0.6072104,0.23341632,-0.28184953,0.6922254,0.15997711,-0.04771064,0.2920656,0.08652312,-0.40126678,-0.27207884,-0.30865133,-0.31846088,0.33964348
-1.7436001,1.1460812,0.86934584,0.65533954,0.8350004,0.027405221,3.332889,-0.40281948,2.0875342,0.8578749,-1.910626,-2.138579,1.0590887,1.6180393,-0.11910358,0.59242797
-0.5879505,0.20842497,-0.021860693,0.019824002,-0.0317572,-0.041203085,-0.024374899,0.33460736,0.109837204,-0.08411092,0.062736705,-0.18108244,-0.009781539,-0.28141597,0.4574438,0.020899666
-1.3154705,1.0694152,-0.27157238,0.64320004,-0.1256478,-0.25130427,-0.18137196,0.029587917,-0.26488018,-0.14407118,0.27053377,-0.24258192,0.29278642,-1.0028313,1.0848991,0.2695464
-2.350881,1.7183077,-1.4958795,-1.7258905,-0.7331369,0.049134694,3.5276399,1.0519656,2.0131521,1.8898357,-0.85729724,-2.8443282,-1.5409942,-1.5506291,0.6434871,0.9807784
-0.47078907,0.24943462,-0.18595468,0.28754827,0.37779677,-0.10644841,0.21595864,-0.5354717,-0.018108366,0.16883348,-0.10079656,-0.31294677,0.31164852,-0.20056985,0.13268012,0.18006824
0.42091784,-0.26562232,0.0071123764,0.15153003,0.051495034,0.0149061,-0.25895393,-0.19887948,-0.18057427,-0.32520545,-0.32815817,-0.054552548,-0.096313305,-0.010731372,-0.10845585,0.00092327036
-0.25429696,0.21219854,-0.7827729,-0.7364132,0.2650649,0.6613449,0.12658037,-0.070134096,1.2526653,-0.0901468,0.44283682,-0.71869624,-1.031924,0.47723085,-0.3652586,-0.5088467
-0.21583886,0.34986907,0.3697067,0.43681663,-0.231467,-0.12309324,0.9157835,-0.111459196,0.08034485,0.27041206,-0.4946255,-0.18962432,-0.23901708,-0.23550977,0.023815857,-0.09144473
0.20973226,-0.038376514,0.007388443,0.16220157,0.12380141,-0.317207,0.2742549,-0.07934936,-0.12137893,0.16520272,-0.037401717,0.008094748,-0.13938603,-0.20710924,-0.10203351,0.042754933
0.080279395,-0.04868571,-0.2799074,-0.3723669,0.1040107,0.04992793,-0.21893199,-0.1293601,0.15343764,-0.1299024,0.14247723,0.024157554,-0.20050399,0.06082253,0.017590864,-0.3007284
0.24807163,-0.14675228,-0.87560356,-0.93906474,0.2209545,0.37899977,0.12715714,-0.0298735,0.8459759,0.068583086,0.33731464,-0.6570499,-1.3077677,0.12743561,-0.7634438,-0.4176643
0.79538196,0.015649328,0.07023696,0.5632617,-0.18255308,-0.35819444,-0.5619187,-0.16094632,-0.56218565,-0.9284612,-0.61722624,0.29078013,-0.20164432,-0.2638318,0.26690322,0.016045272
0.31145534,0.09945536,0.092170194,0.32511652,0.057999104,-0.46861666,0.09783462,-0.11703179,-0.24944343,-0.016175134,-0.11131984,0.048927993,-0.0069112587,-0.19657317,-0.0068868,0.057307623
-0.20509061,-0.14393082,-0.103171535,0.1360785,0.05640834,0.10833314,-0.0007947454,0.1353356,-0.17630672,-0.16600293,-0.09396076,-0.11508736,0.11005628,-0.17154597,0.10789838,0.26457742
0.02938735,-0.26748788,0.018251916,0.30327073,0.078424886,-0.042523935,0.14699647,-0.12676871,-0.32647026,-0.11810138,-0.2933628,-0.08774598,0.079118595,-0.17562416,-0.09181434,0.27979678
-0.23522215,0.67583644,-0.23803863,0.7937443,0.15831332,-0.5394857,0.19286822,0.10281392,-0.41651213,-0.36864746,0.06770726,0.54521304,-0.038032018,-0.7869301,0.4558707,0.1646673
0.01172093,-0.1839267,-0.40598595,-0.6058463,0.1930713,0.1283693,-0.00482585,-0.11617264,0.23227122,-0.025881983,0.113991804,-0.24873114,-0.38534042,0.04170529,-0.115303665,-0.2933895
-0.454176,0.6804799,0.017832598,1.1709957,0.09451551,-0.12941472,-0.1861405,-0.38005206,-0.28531078,-0.37766844,0.09639669,0.20930187,0.028761355,-0.36449024,0.14563921,0.1242653
0.09685294,0.35867202,-0.7238176,-0.7759884,-0.3586849,0.17056441,-0.462745,0.15597682,1.3027794,-0.2355456,0.6512723,-0.10934873,-1.2353009,0.36901444,-0.14494534,-0.968578
0.69921637,-0.6237954,-0.189852,0.0008430504,0.18881851,-0.022188256,-0.46011811,-0.4420392,-0.23686399,-0.31045482,-0.41821754,-0.16494839,-0.14023374,0.05535267,-0.3738729,-0.02092369
-0.5039088,-0.052159913,-0.08087805,0.421708,0.38089898,0.7479088,-0.26633573,-0.35446975,0.15288971,-0.45931545,-0.0876363,-0.3685127,0.033105966,0.24979846,0.2390618,0.04290859
0.59417105,-0.79593796,-0.4827659,-0.11363869,0.54696184,-0.06263326,-0.3962107,-0.6772088,-0.23557834,-0.28732255,-0.2444106,-0.16725841,-0.07644799,0.08369806,-0.505039,-0.04175763
-2.1879542,-0.9066979,-1.874461,-2.268229,-0.21742578,1.1761492,2.3245797,2.0353382,0.9174281,0.59391725,-0.8862142,-3.2325048,-0.3820417,-0.49506262,0.5431263,1.5231535
-0.01064288,-0.35172778,-0.078893915,-0.5756959,-0.19596162,0.4928705,0.6457157,0.5847428,0.44630754,0.1381721,-0.20067063,-0.736051,-0.6345653,0.36285356,-0.21124122,-0.23982279
-0.39232272,0.14946313,-0.063751444,0.48865962,-0.068123735,-0.06514953,0.6281627,0.11325187,-0.38182727,-0.16132133,-0.5366169,-0.017745804,-0.011851612,-0.6865695,0.29432067,0.35698467
-0.83173364,0.49118966,-0.78013885,-1.1093813,0.78339905,1.1497595,0.76868534,0.8894308,2.6288984,-0.35667467,0.99536467,-0.88403624,-1.1973805,1.6429152,-0.16723405,-0.67944586
-0.25728458,0.26144832,0.22690432,0.31476882,-0.37918177,0.07686333,-0.5464391,-0.12567285,-0.10911143,-0.39099032,-0.08201136,-0.3105188,0.06038709,-0.08529678,0.38738263,-0.13239177
-0.2330977,0.5761683,-0.10085725,0.35370377,-0.17973684,-0.44453067,0.52233166,0.007809137,-0.3265918,0.10932233,-0.11518461,-0.02922877,-0.091925256,-0.7408172,0.36362576,0.10666485
0.3681478,-0.063439,-0.05939132,0.046426617,-0.10563314,-0.27548984,-0.44690654,-0.14564714,-0.021986201,-0.22951704,0.015324896,0.099406205,-0.058543067,0.018163225,-0.13398843,-0.20398612
-0.81017286,0.44251427,0.43323687,1.1191926,0.23614384,0.54410464,-0.027194057,0.06389017,0.2782216,-0.67911065,0.023701943,0.10901974,0.14641748,0.42173907,0.44149932,0.019313408
-0.33488363,0.090846166,0.022449115,0.27154037,0.19930324,0.22639577,0.2889253,-0.33591878,0.10155821,0.14846542,-0.21749862,-0.26895088,-0.04464964,-0.0034214677,-0.008959986,0.07706104
-0.65333205,0.57400876,-0.46653074,-0.19059367,0.41700098,0.4906771,-0.07949875,0.21472792,1.2002329,-0.42661604,0.8908326,-0.029384073,-0.6943622,0.43177593,0.14900681,-0.59278893
-0.4339601,0.6131259,-0.1940428,0.10994335,-0.1947643,0.6772649,-0.78579164,-0.40435246,0.8025143,-0.7065385,0.50427026,-0.23761421,-0.505224,0.3147039,0.35731462,-0.9369486
0.24814285,0.19226573,-0.29968297,0.9576081,0.27361575,-0.40794596,-0.38257608,-0.8365512,-0.59664685,-0.33089364,-0.10373804,0.25703782,0.1411745,-0.42063054,-0.1905698,0.16638564
-0.3331704,-0.09228968,-0.28857577,0.028402256,0.20652816,-0.24666013,0.10860282,-0.12807228,-0.2745666,0.105680585,0.056559287,-0.26598078,0.34772584,-0.2257568,0.095291704,0.32705376
1.7611235,0.5763262,-1.0258473,-0.7703753,-1.1216174,0.599414,-2.2950706,-1.2493159,1.7176299,-1.8522949,0.011154702,0.16361186,-1.8150713,0.9451156,-0.3890165,-2.569545
-0.5950515,0.97338367,0.2661769,1.6397109,-0.23988035,-0.017080085,-0.4236925,-0.056177877,-0.51242095,-1.0986477,-0.09772745,0.5340793,-0.030467512,-0.5919308,0.8038378,0.1093277
-0.16758816,-0.15284184,-0.529189,-0.90083605,0.08226819,0.7594546,-0.023354698,0.508539,1.1788534,-0.42753434,0.3964205,-0.43312567,-0.7722863,0.92148525,0.005130726,-0.8168426
-0.19946359,-0.055394612,-0.5513733,-0.9445183,0.04389286,0.5119408,0.20777176,0.62590295,1.149104,-0.10359326,0.45361027,-0.4141056,-0.8411697,0.6678368,-0.051461637,-0.5880021
0.2319631,-0.7591263,-0.43555337,-0.4938903,0.27674118,-0.03920714,0.45449728,0.040958308,-0.001411105,0.10150493,-0.025901014,-0.38499296,-0.44616395,-0.15229508,-0.42781475,0.14055982
0.060514655,0.5286847,-0.3594613,-0.7291317,-0.99037033,0.9357341,-0.1647708,0.13288745,1.4147404,-0.47187924,0.22972943,-0.6350115,-1.4051036,0.8055361,-0.03823841,-1.514831
1.1666114,-0.4328526,0.14838153,-0.05668554,-0.4047361,-0.42230546,0.04271426,0.20318685,-0.2476637,-0.36566094,-0.77171224,-0.31565416,-0.6654884,-0.37646085,-0.118894115,-0.009562399
-0.042353757,-0.15983112,-0.20679283,-0.8344367,-0.23353846,-0.109906554,0.4393181,0.95980483,0.7690633,0.11324445,0.32468402,-0.08993516,-0.66019917,0.25096074,0.042862233,-0.47668925
-1.8603799,0.9164868,0.6971252,2.6389644,0.037444144,1.2135223,1.0967314,-0.268842,0.3604426,-0.8479738,-1.0666659,-0.91519177,-0.15711606,-0.12020349,0.5556091,0.5707102
