selected_0,selected_1,selected_2,selected_3,selected_4,selected_5,selected_6,selected_7
0.11657376,0.3829904,0.14719239,0.87136024,0.4406975,0.2500636,0.11661238,-0.013937898
-0.7391847,1.1081434,-0.0023315353,-1.7997048,-1.2895455,-0.47807226,-1.6256533,-0.50834227
-0.06059183,1.8746976,-0.5817526,-1.0278147,-0.36388496,0.050674707,-0.02604041,-0.6617791
0.08411702,0.14243801,-0.095794536,-0.119280525,-0.019952888,-0.057852972,-0.036517803,-0.021993265
0.19926006,0.3182886,-0.7151599,0.12710783,-0.25280938,-0.44294813,-0.023910932,-0.46844485
-0.98909724,1.2430512,-0.03116068,-0.80334485,-1.1406635,-0.09879971,-0.058539297,-1.5489249
0.5490319,1.2772231,0.25903058,-0.2587385,-0.2735999,-0.88608557,-0.1269948,-0.29365954
-0.38282254,-0.7363595,0.46830398,0.42785576,0.77450204,0.027930012,-0.41775027,0.6602819
0.24218883,0.6299656,0.894636,-0.61893094,0.24057154,-0.5270845,-0.52321595,0.6180712
0.026982155,1.9672413,-0.4481292,-1.0960279,-0.50587326,-0.4257888,0.5025427,-0.5921099
-0.77360594,-1.1178585,1.0485368,0.03879474,1.6189853,0.16124453,-0.810681,0.98245513
-0.9181953,-1.3393219,0.44245484,0.36380905,0.7372071,0.29870042,-0.88013864,0.022939939
-0.2088181,-0.4709388,0.3507869,0.9314145,1.237699,0.66732407,0.06365678,0.71115386
-0.3162768,0.83122665,-0.6457058,-1.2798324,-0.7000154,-0.5600381,0.08303628,-0.24574639
0.4429006,0.7173434,-0.17518489,-0.18626335,-0.17388262,-0.68829477,-0.075175464,-0.22938587
-0.1183001,-0.49822196,0.12923461,0.5510173,0.18605837,-0.17772932,-0.46038288,-0.0035642064
0.049104773,-0.011270638,0.45146546,0.47743332,0.6570104,0.28381845,-0.06783878,0.5279035
-0.31290537,0.24673826,-0.23929077,-0.7299989,-0.35030115,-0.2056157,0.027316578,-0.09396632
0.12060665,0.094666906,-0.048689984,-0.050460327,-0.057468798,-0.1174134,-0.10230155,-0.037660565
-0.25753623,1.649087,-0.84562737,-0.95968753,-0.54711646,0.22596514,0.16784522,-0.9080114
-0.8683484,-0.04596124,-0.62107,-0.745524,0.24338746,0.35629505,-0.2907381,-0.5541861
0.119932465,0.09176474,-0.63561976,0.29356372,-0.113151915,-0.34233326,0.024715854,-0.4301807
-0.02151925,0.21396641,-0.48695943,0.19754098,0.09456026,0.3078124,0.26419106,-0.3394598
-0.2983954,0.3337137,-0.5545061,-0.53873086,-0.8706716,-0.5801843,0.14253698,-0.33880597
0.22095479,0.21228291,-0.50918394,0.1664,0.15044533,-0.04278858,0.06270381,-0.12870076
-0.33207124,-1.0289984,-0.22150952,1.3884953,0.55201125,-0.45117128,-0.6915008,-0.75075465
-0.5361587,0.50988,-0.19054523,-0.8047651,-0.68729997,-0.09509793,-0.56988937,-0.35391265
-0.14011711,0.7004813,-0.3022854,-0.6660047,-0.53604734,-0.3386857,0.3758232,-0.16947924
0.44230202,0.8529379,-0.58691293,0.0071642613,-0.32144755,-0.39182293,0.15711218,-0.3746511
-0.5278321,0.28336206,0.08418952,-0.7595938,-0.2912515,-0.0010064534,-0.18094985,0.02362506
0.068635404,0.2231263,-0.47064096,0.16142756,0.26157197,0.2880249,0.27290487,-0.10042278
0.2733286,0.55078936,0.011514283,-0.41820195,0.4022706,-0.21232969,-0.23489515,0.062122766
-0.057634864,1.1561635,1.2279339,-1.0973562,0.63832146,-0.36957318,-0.6712699,0.65384907
-0.2805613,-0.22630079,0.27854937,0.8214785,2.220085,0.5186601,-0.8869991,0.28245622
0.5075488,0.90515304,-0.23165062,0.24932183,-0.055675212,0.051913355,0.34678292,-0.101700924
-0.41540217,0.107198276,-0.04895223,-0.6814351,-0.29675102,-0.096901946,-0.13123654,0.026014002
0.016257785,2.0902193,-1.2770628,-0.8209894,0.26402804,0.5397738,0.17418785,-1.3016223
0.38676226,0.78824633,0.24230859,0.10603245,0.7994953,-0.00015613443,-0.06368563,0.11568528
0.93682027,1.0887332,0.38173738,-0.367091,1.2622312,-0.83369577,-1.020509,0.7519721
0.15621236,0.20294105,1.2052921,0.06439696,0.3286355,-0.94885886,-1.0975583,0.5989879
-0.11043412,0.7700763,-0.5037756,0.08579963,-0.5541474,-0.29056868,0.3387246,-0.6905664
0.010669234,0.04976911,-0.085131265,-0.11846083,-0.03500101,-0.021512372,-0.046785217,0.011362529
-0.46686655,0.25756627,0.31473923,-0.64549255,-0.20302834,-0.017148053,-0.30874312,0.11883647
-0.9022288,-1.5014085,2.0817413,0.81600565,2.4413793,0.43740958,-1.4117675,1.977152
-0.25245726,0.5379939,-0.46717197,-0.7762338,-0.26583552,-0.2679059,0.38232866,-0.11211666
-0.041417032,-0.13742386,-0.61203396,0.5044288,0.1508362,-0.04157289,-0.05521635,-0.5944845
-0.061666854,0.1428458,-0.018588308,-0.21046875,-0.3900185,-0.28817677,-0.27332738,-0.11084732
-0.24818303,0.0169431,1.1210557,-0.26523647,0.7422181,0.015620219,-0.5103591,0.9522353
-0.9113756,-1.462639,1.2191119,0.7907569,1.1735617,-0.19649364,-1.5151092,0.5232938
-0.053927697,0.0803386,0.4426001,0.08639455,0.25289682,0.13544862,-0.15918274,0.19517387
-0.08541999,1.0670565,0.26912415,-1.0773891,0.2568219,-0.21164332,-0.2294935,-0.07056575
0.021522269,0.022030305,0.05621864,0.05186407,0.04204047,0.030759241,-0.026576,0.06443869
0.14990468,-0.22697194,-0.43117154,0.40695193,-0.018837111,-0.37412137,-0.274305,-0.39654803
-0.40983018,-0.673987,1.4734557,0.44840434,1.9728307,0.5756192,-1.1653659,1.2435197
-0.12475379,0.79873127,0.7458369,-0.9643237,1.2914197,0.29705533,-1.0053995,0.3678025
2.5649085,3.7139804,1.467085,-0.6597099,3.4050536,-2.588612,-2.545935,3.4220152
-0.49628633,-0.7697109,-0.1304672,0.16328493,0.46643803,0.35781577,-0.0012472941,0.12402254
-0.25964838,0.37978852,-0.21262796,-0.30636442,-0.39009234,0.1246952,-0.23538898,-0.5098022
0.21923523,0.50614446,-0.62766665,-0.10855176,0.18353446,0.16305284,0.12415043,-0.14278378
-0.33709386,-0.3749618,-0.025927953,-0.18603909,0.078289226,0.08053338,-0.05730455,0.10816889
0.22763348,-0.32421356,-0.1909718,0.40637648,1.7537621,-0.44165054,-1.2162899,0.07428202
-1.8932811,-2.0927956,1.3653301,-1.8432412,1.7183475,0.39946005,-1.3270618,0.93251616
-0.1708693,0.13499181,0.20129949,-0.434761,0.036990322,-0.1067048,-0.101263486,0.03331533
0.22299075,0.2574121,-0.00041540514,-0.2422013,0.06980811,-0.33296987,-0.3027164,-0.3514822
-0.60233665,-0.047183715,-0.27603877,-0.33269882,-0.23129669,0.15237997,-0.4364806,-0.5073401
0.51576895,1.6778808,0.9773079,-0.7490972,-0.17124242,-0.8989593,-0.70578486,0.41874215
-0.25977528,0.6557098,0.82096446,-0.65177685,1.7774962,0.7010513,-0.56218475,0.9625478
-0.061435528,0.50848645,-0.1961575,-0.30452958,-0.0693045,-0.0608162,0.3412015,-0.118800715
-0.27277014,0.30051583,0.15025823,-0.95524096,-0.047500122,-0.7795621,-0.08608851,0.352222
0.26471463,2.6182568,1.1973057,0.60213715,0.09164445,-1.4429586,0.52800345,-1.4089706
-0.3261532,0.11817638,-0.22705133,-0.5028916,-0.23185234,-0.036752738,-0.06687564,-0.1615858
-0.91704285,-1.1039642,0.98471206,0.23062404,1.4162123,0.6465754,-0.82027704,0.3747971
-1.2537905,-1.8386766,0.80026156,0.77633435,3.0928826,0.58253586,-0.89060223,1.2709427
0.16657853,0.25587255,-0.48697388,-0.046351004,0.229882,-0.01313601,0.08642457,-0.07928818
-0.27954558,1.1330537,-0.19415592,0.04912584,-0.1644867,0.5369401,0.2083433,-0.93770677
0.43203714,1.9100523,0.8399643,-1.2292969,0.11733903,-0.6459457,-0.59742284,0.18427087
-1.3536509,-2.2068515,1.2324033,0.7959151,1.9298216,0.22750904,-1.7152554,0.77928114
-0.36572602,-0.83769333,0.49956357,0.96369505,2.5972877,-0.0911993,-1.4746537,0.25592336
0.10885913,1.2106153,-0.6808546,-0.65274966,-0.27120394,-0.1674659,0.4116412,-0.23957822
-0.71120685,-0.67161196,1.7384384,-0.4674278,1.8004516,-0.05962151,-1.2439318,1.2753025
-1.2920799,-1.5160863,0.6850881,-0.48970357,0.82030153,0.41226956,-1.1058022,0.51533633
-0.095928945,0.34605062,-0.19070546,0.28249452,-0.5416787,-0.4533477,-0.15170105,-0.65338767
-0.3211788,-0.6101766,-0.01751925,0.4627907,0.19295186,0.05947957,-0.35279986,-0.08898519
-0.25678843,0.2653781,-0.22042811,-0.78144544,-0.4935886,-0.31410182,-0.045032617,-0.038038954
-0.03266782,0.38845992,-0.5041013,-0.13522816,-0.252292,0.036948845,0.43510127,-0.128079
-1.263009,-1.5215715,0.83306617,-0.17552944,1.9844251,0.5726948,-0.2493394,1.1456734
-0.16654721,0.1274836,0.07222243,-0.420235,0.063629195,-0.08798822,-0.15530509,-0.009188706
-0.108241394,-0.25507343,-0.30932146,-0.061888177,-0.010779793,-0.7612229,-0.34934655,-0.03225699
0.15861587,0.009233281,-0.37640887,0.16819072,-0.29480344,-0.8545074,-0.5024278,-0.5946074
-0.10498131,0.6688846,-0.7676917,-0.4428573,-0.6990635,-0.17734759,0.1866595,-0.47313428
-0.101899914,-0.052546885,-0.5240035,0.031613894,-0.23647015,-0.29410017,-0.019436227,-0.31606114
0.036115702,0.252261,-0.41163126,-0.07362147,-0.3560047,-0.3813278,-0.018861001,-0.33126646
-0.14047734,-0.12830722,-0.5401156,0.62467104,-0.31768897,-0.69366795,-0.3059193,-0.9249908
0.045579735,0.20583354,-0.20734565,0.06947626,-0.20042579,-0.11602747,0.07607658,-0.15130399
-0.49125376,-0.94643646,0.2977635,0.96793485,0.4837638,-0.37864253,-1.004065,-0.16932845
-0.47675672,-0.59984004,0.4612642,0.57133126,1.5689721,0.65636575,-0.49677235,0.53694993
0.019596428,-0.14929205,0.013397509,0.44578856,2.3615565,-0.2357453,-1.3052872,0.5362691
-1.2727057,-1.6095916,0.45779943,0.6875984,0.65483004,-0.020046212,-1.556986,-0.37470675
-0.2669821,0.6580357,-0.30307895,-0.48095417,-0.8703296,-0.21498379,-0.29328167,-0.4029192
0.25342873,1.864246,-0.8812377,-0.76998484,0.4833304,0.18741365,0.035919055,-0.26873404
-0.79823667,-1.0382317,0.62929595,-0.17961319,1.1540594,0.27651048,-0.33851355,0.8468131
0.42492172,2.6174037,-0.49083766,-1.5917522,0.21848698,-0.38695914,-0.7706838,-0.6816522
-0.4811238,0.3820405,0.12784922,-1.0541079,-0.25410107,-0.19832502,-0.13765697,0.04338925
0.035567522,1.0498583,-0.2615442,-1.1510428,-0.31763855,-0.682607,0.13866511,-0.13816676
-0.14814627,0.78888893,0.05719981,-0.31809366,0.35488638,0.3537008,-0.13307083,-0.5693533
-0.2878411,-1.2518644,-0.04810987,1.873701,0.738233,-0.616513,-0.9165932,-0.34182885
-1.2401506,-1.4918399,1.0899919,0.23453875,2.2783234,0.4700382,-0.9463811,1.0022846
-1.1432493,0.93629956,-1.0610667,-1.0843699,1.5988067,1.4276731,-0.6501317,-0.68094134
-0.006290731,0.64907515,-0.109245636,-0.29425108,-0.33467963,-0.11717203,0.29734427,-0.070045196
-0.65836114,-1.5525299,0.6157819,1.7377423,1.4833523,0.007442348,-1.1763247,0.55577236
-1.6400874,-1.8714204,0.44539955,0.64987254,0.65074176,0.40519533,-1.6381375,-0.16086717
-0.0836165,-0.45949766,1.0365312,0.9200182,1.016097,-0.24105234,-0.8681646,0.6573792
0.4494549,3.2682269,2.0381901,0.37293106,1.4844451,0.5711792,0.9518998,1.8329409
-0.30896112,-0.16116725,-0.29709184,0.07209409,-0.12940554,-0.081856295,-0.19534776,-0.41749507
-0.12323477,0.55910355,-0.65867144,-0.19818012,-0.5726412,-0.06853488,0.16738307,-0.49547386
0.1944873,0.28968844,-0.58993274,0.1211916,-0.3152465,-0.6614064,-0.08176738,-0.54623306
-0.28992605,0.07254425,0.04040047,-0.2349089,0.4688079,0.22504246,0.27522108,0.34845296
0.5716601,0.9372635,0.07477367,-0.3813726,-0.18283232,-0.778028,-0.30025277,-0.14151591
0.021800093,0.16279277,-0.53763336,-0.048376985,-0.32009754,-0.35713297,0.13030843,-0.2664139
-0.7127589,-0.015696324,0.46161523,-0.9037314,-0.18040943,-0.17114928,-0.89513177,-0.014744312
-0.47304657,0.7858937,0.28789884,-1.2878138,-0.07986146,-0.09033088,-0.81574315,-0.4080305
-1.1398782,2.6286566,-0.49640685,-0.6245573,-0.83124155,0.8136239,0.5282273,-2.7147856
-0.114867106,0.61974835,-0.36488128,-0.65185875,0.33604166,0.16975774,-0.32704273,-0.29298055
0.11981886,0.23218611,-0.43638363,-0.1592061,-0.031039612,-0.08405755,-0.074866176,-0.36817208
-0.23498942,0.57854533,-0.39251393,-0.668603,-0.8563931,-0.52838945,0.06813985,-0.29529276
-0.5532838,-0.18277186,1.1096025,-0.11162801,1.9738749,0.75757456,-1.0931473,0.5630211
-0.08970309,0.19892544,0.242003,-0.2315985,0.52655834,0.25533423,0.01611732,0.12302314
-0.50451624,1.376104,-0.032831512,0.0015759822,-0.7441038,0.056590002,0.3214517,-1.7087033
0.14402622,-0.04668942,0.1541291,0.057750087,-0.06201902,-0.3951425,-0.3066784,0.072064236
-1.0149028,-0.6149709,1.0024405,-0.19765483,2.2916086,-0.79731536,-2.969718,0.1600905
-0.0026090762,0.60430825,0.44692641,0.26975042,-0.11674607,-0.044055503,-0.10532407,-0.16258678
-0.5378564,-0.7495159,0.020520296,0.16349693,0.58423126,0.21153657,-0.15083903,0.2203398
0.10836329,-0.785924,-0.2535741,1.1662725,0.99401045,-0.20766695,-0.41040167,0.16305001
-0.3013097,-0.15322985,0.39912522,0.2165632,0.98190767,0.7977906,0.3884915,0.782431
-0.6196187,-0.44978946,1.1256453,0.21899176,2.0883157,0.60504967,-1.0311935,1.0626298
0.038832024,0.2661224,-0.50248826,-0.080728665,0.027354665,0.0109605035,0.20387606,-0.07699966
-0.5965904,-0.9043619,0.019841434,0.4568116,0.9322273,0.5458355,-0.13038215,0.2751558
-0.40783978,-0.8817081,-0.156762,0.8994242,0.37034735,-0.056564286,-0.589287,-0.48046896
-0.49351898,0.35336542,-0.24195679,-0.43232793,0.7798987,0.6294498,-0.06282687,-0.13986969
0.2260896,0.09459246,-0.26359087,0.027868269,-0.1635194,-0.48604304,-0.37871635,-0.2989662
-0.04788937,0.5562324,-0.03427749,0.45600092,0.15307847,-0.57720023,0.21872948,-1.0190022
-0.014054774,0.36278188,-0.39253485,-0.16855463,-0.10562832,0.11048768,0.19717553,-0.13682474
0.07772362,0.95991623,-0.9193121,0.5213494,0.27091813,0.51649755,0.9501632,-0.7492588
-0.05033614,0.2603217,-0.39634582,-0.2928791,-0.3399508,-0.3590656,0.012686843,-0.27865365
-0.19153956,0.3479551,0.06570456,-0.66154623,-0.25624081,-0.23157963,-0.08608502,-0.078639
-0.4375269,0.059132934,-0.039919212,-0.53564316,-0.28449902,-0.027604591,-0.20783752,-0.019305652
0.40340978,1.8427907,0.99923617,-1.1522962,0.3733165,-0.59149,-0.88075614,0.05834098
-1.2852185,-0.39447856,0.33762148,0.1464963,4.5356474,1.1308204,-2.3618436,0.5271471
0.16226286,0.35808504,-0.20504689,-0.30742446,-0.12984125,-0.6832393,-0.53442705,-0.34638205
0.029381817,0.64653116,-0.69413376,-0.38796237,0.16210565,0.22750567,-0.020668369,-0.43588454
0.00865396,0.6230647,-0.17205681,-0.8558423,0.08113355,-0.26156595,-0.6928045,-0.3396859
-0.21029598,0.0019662476,0.09934665,-0.12721524,-0.18004517,0.0012352251,-0.12009001,-0.08444647
-0.33227178,1.4656143,-0.40695402,-0.3703686,0.25447017,0.7222819,0.16833983,-1.1534446
-0.26574075,0.020436436,-0.05151628,0.21146259,-0.34447387,-0.13738048,-0.19539234,-0.37116715
-0.47848704,0.23476233,0.87654036,-0.8543473,0.038763035,-0.33209065,-1.098139,0.50650287
0.015692905,1.292897,1.0017345,-0.35267112,1.8603295,0.6397606,-0.6941921,1.1727171
0.0041122525,-0.35650966,0.09288224,0.26024404,0.3537954,-0.2756111,-0.59033316,-0.12642524
0.19299187,0.37002912,-0.7202068,-0.41396195,0.0060043335,-0.5040164,0.07423233,-0.20467833
-0.8532422,-1.2117404,0.5295642,0.43173644,1.1921922,0.7093025,-0.30874547,0.5671826
-1.3647057,-1.562932,0.17048784,0.72327197,2.2399843,1.1472615,-0.9372952,0.123099945
-0.35461125,0.17822962,-0.12751028,-0.4270058,-0.40145814,-0.042514343,-0.16540915,-0.19425216
-0.25603056,-0.3526432,0.45979685,0.06295885,0.57240987,-0.06783986,-0.7161553,-0.03387678
0.22117443,0.6284326,-0.91267216,0.032028645,0.039600223,0.11517627,0.38699007,-0.27070743
-0.42225024,0.993328,-0.41360712,0.009451917,-0.6411881,0.16778457,0.75885034,-1.1365741
-0.69871277,0.1147188,0.008378923,-0.95612365,-0.43441665,-0.098604225,-0.29231092,0.008202928
-0.014009948,0.10998336,-0.3799437,-0.04760415,-0.283151,-0.24875423,-0.18592004,-0.27817285
-0.15344837,0.14368348,-0.27099958,-0.38365054,-0.38976386,-0.3462395,0.036037248,-0.1556817
-0.12032816,0.9852711,-0.78513014,-0.4672134,-0.65113586,-0.24038957,0.068397544,-0.72716767
0.0038021991,0.53266615,0.28470802,-0.7782479,-0.30263114,-0.6505358,-0.18369643,0.22218427
0.30558914,0.74431413,0.09128054,-0.7083661,-0.27274,-0.22551157,-0.3813771,0.01650589
0.11560142,-0.17498969,0.23870963,0.4748232,0.37225127,-0.14104721,-0.43396732,0.24133338
-0.76655066,-0.4885986,1.0231094,-0.9715136,2.0120366,-0.07515751,-0.54873425,1.1726785
0.1062791,0.15442425,-0.46176124,0.111696236,-0.08195888,-0.3299319,-0.056914892,-0.4246253
-0.041572493,0.7073346,-0.78764,-0.33688864,-0.8243517,-0.5247818,0.27775982,-0.5510661
-0.09976179,1.3627238,-0.6209806,-0.99554074,0.05403597,0.15947038,-0.24545914,-0.5705296
-1.2710106,1.0377821,0.081494115,-1.9851139,-0.5832998,0.06526167,-1.317619,-1.0292091
-0.5498733,-1.0884238,0.2960851,0.64462006,0.63807297,-0.034894757,-0.9194073,-0.1775755
-0.3781754,-0.93059444,1.3410842,1.3438534,1.5673549,-0.11742344,-1.1647524,1.2350706
-0.5393448,-0.67323804,0.08538655,0.27391353,1.0045459,0.108440034,0.08837139,0.58865684
0.039708108,0.74339,-0.5245953,-0.30510908,-0.041532572,0.13654542,0.14055125,-0.23026316
-0.14409609,0.9345578,-1.0522759,-0.41465297,-0.38837156,0.26476932,0.51938254,-0.57831043
-0.25164846,-0.5562059,0.06856134,0.26583174,0.20836078,3.5924106e-05,-0.39524895,-0.32371765
0.055665463,-0.06046837,-0.3146105,0.38869333,-0.08626743,-0.34771493,-0.119468264,-0.36278453
0.02907643,-0.41270083,-0.023550395,0.5464358,0.28930184,-0.3681559,-0.5516858,-0.23694873
-0.34322923,0.622808,0.5777618,-1.2868651,0.18447243,-0.42261413,-0.653489,0.17545155
-0.3135175,-0.781009,0.2953893,0.9059905,1.354998,0.20520747,-0.66477257,0.47032598
0.56810623,1.349834,0.5339383,-0.47361413,-0.33726564,-0.6957476,-0.020332837,0.30202582
-1.1070977,-1.9377618,0.030739209,1.7662635,0.6551946,-0.7123959,-1.8502829,-0.86919874
-0.090025395,0.86672395,0.2200454,0.037449982,-0.24399793,-0.63519275,-0.62214863,-0.4339788
-0.21812421,0.18827781,-0.40946126,-0.24315555,-0.40670735,-0.08042632,-0.16062939,-0.24123064
-0.019735843,0.43634605,-0.20598537,-0.44363192,-0.5424328,-0.79540986,0.24105233,-0.18486783
-0.51859,-0.7369041,0.80106056,-0.041371673,1.0035766,0.113798834,-0.48130804,1.0452967
-0.07787526,1.2126236,-0.5857005,-0.8012014,-0.5021545,-0.26224747,0.41211894,-0.44223443
-0.07650027,0.47588155,-0.46019343,-0.7121579,-0.6434876,-0.68534374,0.18472998,-0.2549069
0.07704026,0.8083509,-0.63467526,-0.7347291,-0.61783284,-0.9698964,0.09996428,-0.38610694
-0.21705486,-0.55553645,0.47928482,0.58230424,0.8997231,0.4020198,-0.3377011,0.36057836
-0.042972576,-0.63915175,1.040729,0.8157176,1.2631923,-0.43650588,-1.1453822,1.0971571
-0.5678301,0.22031634,0.30241024,0.71479857,-0.41051745,-0.9668924,-1.3319714,-1.2679969
0.26834047,0.8154526,-1.3770053,-0.435964,-0.41878358,-0.53745234,-0.02806958,-0.86424917
-0.040881485,1.0487013,0.10754079,0.11929921,-0.33743027,-0.11771919,0.37168604,-0.825946
-0.52926993,-0.77984077,-0.4556917,-0.10786318,0.37632933,-0.019207,-0.05853177,0.09001775
-0.21415287,1.0181314,0.08596636,0.08127955,-0.9477605,-0.28586176,-0.3383937,-1.0135337
-0.55232805,1.1330851,-0.08310907,-0.23505859,-0.30785102,0.40161827,-0.2375099,-1.2915254
-0.18684502,-0.35130286,0.26796806,0.029577304,0.24270655,-0.07752454,-0.5304848,0.014481511
0.89575666,3.8347359,2.568877,-1.2079015,0.9254206,-1.0939329,-1.3230108,0.53160894
-0.29038325,-0.80012107,0.08350905,0.5811627,0.419428,-0.12535465,-0.516504,-0.22809184
-0.31383765,-0.1843272,0.29017597,-0.45274624,0.1151441,-0.03200777,-0.19583295,0.12714359
-0.6112753,0.21359155,0.9912857,-0.7145754,1.9928548,0.85401094,-1.059432,0.7059108
0.029186008,0.8056206,-0.42212072,-0.41694713,-0.35497758,-0.10975696,0.32608503,-0.33053288
0.104827456,1.9008132,-0.039401963,-1.4766928,-0.37734148,-0.4745302,-0.2702309,-0.08957451
0.05674233,0.104713984,0.26389664,0.28650543,0.057796948,-0.52895665,-0.42473307,-0.21539275
0.22616187,0.8556224,0.54098976,-0.54414904,-0.24472849,-0.68643755,-0.29849133,0.23825042
0.116722316,0.52620965,0.27733955,0.40884316,1.4264363,0.4146311,0.61100817,0.8183362
0.19518027,0.6464921,0.177887,-0.2602544,-0.36337164,-0.46013704,-0.021919817,-0.04368588
-0.06911187,0.33362624,-0.025966004,-0.68796355,-0.41084644,-0.6611445,-0.19082636,-0.059199262
-0.36707637,0.97050804,-0.44690144,-1.125241,-0.69110215,-0.37019852,0.27999055,-0.25631714
0.30476978,0.41976532,-0.33278364,-0.15691894,-0.08487898,-0.54807645,-0.22861359,-0.53385735
-1.1690533,0.35668427,-0.37587008,-1.4000932,-0.6259992,0.17880394,-0.70216984,-0.42682648
-0.16645029,0.4007943,-0.14137629,-0.27317858,-0.47355756,-0.13238709,0.08612741,-0.27331853
-0.741327,-0.019950753,1.1437349,-1.2278823,3.0723612,0.0071309176,-2.6211603,0.7176595
-0.9927016,0.16549954,0.015562923,-1.2167172,0.47171432,0.42827922,-0.4878321,-0.15504338
-0.85999537,1.4818225,0.06409545,-1.2737675,-0.8474156,0.17899758,-0.63457006,-1.2636967
-0.66449165,-0.3337556,0.6896089,-0.3815176,1.4087604,0.52836865,-0.4364183,0.51127625
0.40570408,0.97684133,0.7342233,-0.39661857,-0.12249793,-0.5573126,-0.461361,0.2081588
-0.041007016,0.4175608,-0.34413725,-0.14732397,-0.22541346,-0.0052677128,-0.30513194,-0.45200306
0.114529364,0.2825732,0.5867364,-0.34769705,0.005924629,-0.32964,-0.30390245,0.3012245
0.1913529,0.065695055,-0.07712096,0.19097109,0.14761044,-0.11581371,-0.13230398,0.01571245
-0.6697841,-1.0679451,0.12659575,0.56778723,0.6209266,-0.4404367,-1.3393549,-0.75280964
-0.7302944,-1.1808991,0.38932446,0.5265712,1.565589,0.4476658,-0.6170778,0.58776885
0.14494166,0.013698308,-0.18382321,0.24158145,0.32465565,0.11539652,-0.09267952,-0.018294247
-0.28516448,-0.87089616,-0.1376154,1.1443517,0.80667293,0.14920533,-0.3272575,-0.041889086
-0.17526203,-0.39862454,-0.16517717,0.34803078,0.3665063,0.24949022,0.06296494,0.06697074
-0.11653627,0.7718962,-1.0716745,0.5118374,-0.06561634,0.33241913,0.4521845,-1.3928918
-0.748348,-0.5119957,0.10935208,0.0022452627,0.9370082,0.68963486,-0.53592265,-0.31204164
0.829226,1.2052305,1.6836486,-0.48867825,1.3797065,-1.179422,-1.5069401,1.6095593
0.14115538,0.19792593,-0.3675615,-0.12240025,0.10215796,-0.4069309,-0.21257421,-0.26129016
-0.8681816,-1.1459401,0.5892421,0.42120317,1.2778506,0.53444237,-0.57242537,0.59392977
-0.1303966,0.13319032,-0.14850637,-0.4318096,-0.43561918,-0.3590898,-0.012802574,-0.06313595
-0.17035219,0.7086922,0.67901707,-0.32365662,-0.12403318,-0.1851832,-1.0864887,0.13023648
-0.018350463,0.6848164,0.75376403,-0.23874976,1.0411379,0.5454584,0.042403936,0.71421075
0.28931478,0.101254836,-0.4789643,0.2128029,0.17921007,-0.25350794,-0.18597952,-0.315169
-0.5887226,0.41698378,0.3899504,-0.7776781,1.6838236,0.7656887,-0.7317722,0.39626908
0.14150478,0.18791953,-0.35273898,0.08637567,-0.072009206,-0.14873062,-0.016289087,-0.17237175
-0.91793567,-1.0504024,1.0193985,-0.59722245,0.7458175,-8.120385e-05,-0.75703037,0.9238147
0.17127685,0.24397954,0.11438817,0.042308137,0.5716041,-0.061388843,-0.21268463,0.2834883
0.19859396,0.7339314,-0.4436656,-0.46000022,-0.17087673,-0.18583924,0.110162824,-0.22939093
-0.7049873,-0.7435165,0.21098971,-0.19666198,0.6116746,0.46134531,-0.045693833,0.21781787
-0.4251395,-0.5213463,0.013011925,-0.023792297,-0.012612519,-0.21626273,-0.61001354,-0.63791376
-0.20274067,0.6052859,-0.52687645,-0.20864023,-0.16159485,0.3468251,0.019366918,-0.45902935
-0.14606008,1.211976,-0.10258971,-0.21033913,-0.49915975,0.11796375,0.12645987,-0.7495434
0.009808014,0.41751277,-0.57825696,-0.3844725,-0.16911338,-0.24553011,0.37134996,-0.112180956
-0.16103734,0.0751603,-0.78800464,0.52845126,-0.5469594,-0.72943723,-0.27736843,-1.0762101
-0.35268614,-0.5598041,-0.033909213,0.38367927,0.53707683,0.1101996,-0.096096836,0.23087068
-0.23625982,0.14708096,0.00037490792,0.17081706,-0.11342791,0.05682489,-0.354686,-0.61981577
-0.5826225,-0.51242965,0.43046767,-0.6008556,0.22125177,0.07049149,-0.20225468,0.35516062
-0.64741933,0.1400678,-0.11785697,-0.44666442,1.2709104,0.4732305,-0.9308297,-0.43847832
0.22993751,0.18664555,-0.3615539,0.069068804,0.09037719,-0.15204974,-0.11465252,-0.10702166
0.20182694,0.8814653,-0.35052758,-0.5699597,-0.25507236,-0.3838561,0.22438234,-0.20034349
-0.8354041,-0.25317013,1.0424334,-1.2342385,1.1619267,0.34262076,-0.91551936,0.6516253
0.101171,0.48737505,0.32482886,0.06426188,0.34298846,0.19431244,0.14228837,0.29621696
-1.3096507,-1.6728604,1.1714523,0.5468276,1.2723655,-0.1518624,-2.2220314,0.69709575
-1.5084667,-1.7431344,1.2099862,-0.13919732,2.121402,0.6648386,-0.92408496,1.1632586
0.5257214,0.44727683,-0.18413925,0.054948412,0.5937364,-0.1521865,-0.4351558,0.030961353
0.39172935,0.830409,0.35637942,-0.46580905,-0.4075234,-0.43253323,-0.71782553,0.098653525
-0.71566576,-0.48917168,0.5015893,0.42569804,0.40074587,0.020423165,-0.99719006,-0.35528398
-0.09193614,0.18254247,0.44465983,-0.48764667,-0.09312692,-0.35957426,-0.28071097,0.26863277
0.19163309,0.90040797,-0.7088878,-0.55760586,-0.31055725,-0.22116077,-0.05293658,-0.48312965
-0.46257997,0.5615033,-0.9014267,0.26275614,-0.97523737,-0.2706609,-0.11187655,-1.7563964
-0.03735244,0.19552281,-0.42861807,-0.023190377,-0.14813408,0.08247405,0.2412768,-0.17841387
-0.07304127,0.032710306,0.36040944,-0.30046067,-0.016327016,-0.19985297,-0.13776521,0.2950685
-0.5073348,-0.25450104,0.33561176,-0.6499964,-0.086424895,-0.093321815,-0.2672518,0.08530611
0.6902484,1.0283853,-0.01861468,-0.5414856,0.9987413,-0.8831085,-1.0608197,0.2756699
-0.33275577,1.1927934,-0.95811933,-0.3790627,-1.0967748,-0.27803525,0.41075712,-1.2165236
-0.04310609,0.33294505,-0.26517043,-0.16503887,-0.33531585,-0.1862916,-0.025577895,-0.2729327
-0.027440822,0.3059433,0.27799132,0.57508594,0.85891736,0.6287074,-0.012820586,-0.044374857
-0.13640441,0.3274068,-0.284249,-0.22670634,0.012888618,0.1789007,0.11919572,-0.41477782
0.04153009,0.29069206,0.25970605,-0.04663502,-0.1057869,-0.20804998,-0.05955163,0.046433486
-0.9949012,-1.6674571,0.76050425,1.0204762,1.8936781,0.5671399,-1.0218241,0.8580377
0.43512207,1.2197741,0.30411473,-0.66039795,0.14694914,-0.37033468,-0.15618148,-0.008050692
-0.666851,-0.65040874,-0.18679237,-0.12065241,0.11034006,0.3211065,-0.18114987,-0.05167334
-0.5315266,-1.1153615,0.5234909,1.403982,1.0929613,0.059130657,-0.89948404,0.25003746
0.23987135,1.3947637,-0.07944173,-1.1076083,0.28107327,-0.36100075,-0.4665726,-0.26288047
0.2528785,0.122410014,-0.41617206,0.026581138,-0.04856789,-0.41867292,-0.22467749,-0.2695786
0.020818565,0.34363952,-0.26036015,-0.28724226,-0.14200674,-0.11124156,-0.0619339,-0.26063922
0.31498384,0.50485134,-0.061009087,-0.20531514,0.5144318,-0.034243062,-0.23606111,0.06262079
-0.20620732,0.5706874,-0.4529709,-0.47165674,-0.72528565,-0.1783013,-0.13959283,-0.31127167
-0.10103363,1.0400555,-0.7247814,-0.39740354,0.035612296,0.41096127,0.36358738,-0.504969
0.36128774,1.3420612,0.8687797,-0.7475315,-0.28725597,-0.90466344,-0.7944376,0.36292425
-1.3869383,-1.6288639,1.1548523,-1.3546336,1.1543434,0.06594044,-1.1726301,1.1251931
0.10246409,-0.00552898,-0.8476613,0.31747398,-0.24505205,-0.62364066,-0.18434669,-0.6008227
-0.18977964,-0.123063475,0.39069435,0.12360634,0.35619754,0.052441213,-0.2326878,0.3309948
-0.24382293,0.18197474,0.36662167,-0.5941793,-0.005635265,-0.18086533,-0.13131449,-0.0034519897
-0.022011314,0.4559138,-0.15017033,-0.610303,-0.3206179,-0.30670258,-0.048169207,-0.04505137
-0.08908615,1.0592365,0.55315346,-0.262701,-0.1707411,-0.10741705,-0.48727843,0.013440487
-0.5154859,-0.5095052,0.1006099,-0.038943667,0.41270298,0.42335346,-0.2046504,-0.11779345
0.18843341,1.7346805,0.36647752,-1.3616282,0.043599136,-0.2428577,-0.6452593,-0.1596542
-0.005067052,0.80315304,-0.37916446,-0.63077486,-0.038791534,-0.08528768,-0.20959106,-0.42800272
-0.900811,-1.1733247,0.5511837,0.007477324,0.6893681,0.3133925,-0.6712218,0.55374783
-0.49900138,1.2721698,-0.691696,-0.26925576,-0.12688223,0.77653635,0.40095028,-1.1361572
0.33789396,0.27095264,-0.45634043,-0.22940372,-0.063221626,-0.6565313,-0.21473688,-0.2632282
0.07554869,0.33650687,-0.08848269,-0.009684492,-0.19649012,-0.02704415,-0.33189195,-0.41745296
0.2697771,-0.030375594,0.39242047,0.4869845,1.3060907,-0.16265143,-0.62403136,0.8218381
-0.053178925,0.54458165,-0.48030794,-0.8004214,-0.37470612,-0.6048875,-0.023603853,-0.27569875
-0.11750893,0.21204732,-0.6554842,0.13929082,-0.52272993,-0.23363528,0.0060054455,-0.65903217
-0.5629487,-0.75572276,0.31019008,0.6138418,1.3025712,0.8152278,-0.30077708,0.20982757
-0.016268127,0.28817028,0.51260436,-0.5118242,0.22124529,-0.20965782,-0.5337637,0.094146505
-0.29580876,0.19810317,0.48439014,-0.34863335,1.0059144,0.539462,-0.5426998,-0.010694796
-0.17759617,0.49173984,-0.9608812,-1.0208048,1.5131257,-0.14063779,-1.6356814,-0.5974578
-0.551405,0.17260322,0.21942973,-0.4303661,0.12775172,0.19524336,-0.74097604,-0.2443642
0.1570728,0.37201843,-0.9280035,0.22113262,-0.5462314,-0.7768571,0.17160761,-0.6739246
0.20813735,1.3209317,0.27254167,-0.4532513,1.5093083,0.29413852,0.3107428,0.7106002
-1.2330203,-1.1509472,0.53312,-0.034598716,1.613314,0.33644256,-0.75172347,0.6908112
0.08515472,0.43501168,0.1692334,-0.0407135,0.62474114,0.45135126,0.58700997,0.39428982
-0.05828463,0.25403038,-0.6034433,-0.19823304,-0.31681082,-0.03694035,0.015250111,-0.32401815
0.41646117,0.24290924,-0.06489897,-0.14119336,0.24349068,-0.5309415,-0.44979522,0.047031887
-0.42281145,1.0068824,-0.32056674,-0.87702215,-0.46858352,-0.074446835,0.3827614,-0.4297196
-0.1655694,0.6036281,-0.025998956,-0.6579116,-0.46917662,-0.20068577,-0.017570926,-0.13177322
-0.123333916,0.32350758,-0.6195809,-0.32903293,-0.63569045,-0.48424104,0.024784375,-0.48001012
-0.070971556,0.17704245,-0.237334,0.017773902,0.019201918,0.20485058,0.022550557,-0.18283218
-0.15294062,-0.2172269,-0.077841714,0.37136686,0.38589153,0.39489526,0.18585311,0.070456274
0.114767976,0.35735813,-0.5806729,-0.038801257,0.1711625,0.081693105,0.14725755,-0.4179565
-0.4995385,0.0058812476,0.059404954,2.4724858,0.27387488,-0.6898035,0.05922438,-1.6633947
0.013017572,0.174825,-0.552899,0.0045135627,-0.26249075,-0.27921787,0.15396518,-0.28370425
-0.5353499,1.4345083,-0.32148677,-1.0712757,-0.8294175,-0.054585546,0.42259595,-0.7193489
0.30365098,0.46561766,-0.13657357,0.031485315,-0.39750883,-0.9287572,-0.23593758,-0.54658866
-0.1920696,0.30357778,-1.0784396,0.45190907,-0.6419203,-0.5513296,0.09126446,-1.1780965
-0.66862977,-1.0101672,0.027374737,0.3220528,0.9505433,0.23725824,-0.15364905,0.35225955
0.07703621,0.8382582,-0.30392727,-0.61174625,-0.6573663,-0.53392315,0.021467766,-0.1952052
-0.9042242,-1.3564466,0.3695287,0.52931285,0.49028987,-0.012006831,-1.2369347,-0.27494666
-0.13134478,0.5448354,0.30931276,0.20904322,0.86915845,0.6774253,0.09276927,-0.039159242
0.17090538,0.33290434,-0.684248,-0.0047903685,-0.040215675,-0.2725112,-0.011525559,-0.7067442
0.19681019,0.6788732,0.17908008,0.048477083,-0.20402138,-0.10884156,-0.104356535,-0.15050636
0.13193771,0.5172905,-0.7110606,-0.43490618,-0.12462312,-0.15840946,0.011160495,-0.45097283
-1.0219473,-1.5744562,0.825549,0.46564195,1.0545202,-0.0015191672,-1.1497283,0.44092545
0.088872135,0.75635594,-0.9374415,-0.10274905,0.5610671,0.48902905,0.30518514,-0.19430612
-1.1541388,-1.6164677,0.22749932,-0.12193503,0.8925615,0.54380405,-0.38061732,0.50537324
-0.6802145,-1.4026351,1.3875704,0.8306837,3.5049589,0.5001074,-2.2346783,1.3827442
-0.57207566,0.08708306,0.06556402,-0.85611504,-0.17520122,-0.080500394,-0.44586876,-0.02850705
-0.10838842,0.4327649,-0.20451799,0.16883682,-0.48207346,-0.1863689,-0.16728908,-0.54046357
-0.17209987,0.16957244,0.17008522,-0.5966258,-0.317389,-0.42302877,-0.16628173,0.039660767
-0.051307544,0.10554848,-0.36078554,0.062371414,-0.29783976,-0.072888404,-0.18271306,-0.34655944
0.06555323,0.80559987,-1.0511763,-0.11220723,-0.24654825,0.08563771,0.5041285,-0.49153355
-0.5283511,-0.4324005,0.42253157,-0.21721473,0.8002336,0.21548988,-0.10175611,0.6239099
0.1261942,0.027251553,-0.17637303,-0.24575287,0.11423098,-0.69960594,-0.39385027,-0.0066821845
-0.2204362,0.10727206,1.0784292,-0.625819,0.4382172,-0.2687942,-0.63967246,0.767526
0.82807714,1.6844199,0.9199293,-0.048758905,-0.025725907,-1.0732466,-0.07260399,0.28572375
-0.46664968,-0.76411206,0.3025183,0.1430155,0.38731557,0.07111816,-0.6895846,-0.22716467
-0.73879826,0.7478633,-0.39694992,-1.5663332,-0.9420727,-0.33643585,-0.1772271,-0.20114931
0.017595215,0.45557198,-0.027960198,-0.47899482,0.030133303,-0.22206582,-0.15444721,-0.1735924
-0.10906276,0.57537955,-0.8557577,-0.5440503,-0.77053946,-0.33092844,0.11823542,-0.47561648
0.7690919,0.9485358,0.7000822,-0.019077383,0.92292744,-1.3408898,-1.1125908,1.1140372
-0.15514697,1.3639541,1.5378075,-2.010733,2.7893996,-0.2821244,-3.5785196,0.7724031
0.009272884,0.31192395,-0.44257936,-0.016641961,0.055578,0.20215173,0.14472133,-0.17339613
-0.47804564,-0.6072104,-0.28184953,0.15997711,-0.04771064,0.08652312,-0.40126678,-0.30865133
0.86934584,0.65533954,0.027405221,-0.40281948,2.0875342,-1.910626,-2.138579,1.6180393
-0.021860693,0.019824002,-0.041203085,0.33460736,0.109837204,0.062736705,-0.18108244,-0.28141597
-0.27157238,0.64320004,-0.25130427,0.029587917,-0.26488018,0.27053377,-0.24258192,-1.0028313
-1.4958795,-1.7258905,0.049134694,1.0519656,2.0131521,-0.85729724,-2.8443282,-1.5506291
-0.18595468,0.28754827,-0.10644841,-0.5354717,-0.018108366,-0.10079656,-0.31294677,-0.20056985
0.0071123764,0.15153003,0.0149061,-0.19887948,-0.18057427,-0.32815817,-0.054552548,-0.010731372
-0.7827729,-0.7364132,0.6613449,-0.070134096,1.2526653,0.44283682,-0.71869624,0.47723085
0.3697067,0.43681663,-0.12309324,-0.111459196,0.08034485,-0.4946255,-0.18962432,-0.23550977
0.007388443,0.16220157,-0.317207,-0.07934936,-0.12137893,-0.037401717,0.008094748,-0.20710924
-0.2799074,-0.3723669,0.04992793,-0.1293601,0.15343764,0.14247723,0.024157554,0.06082253
-0.87560356,-0.93906474,0.37899977,-0.0298735,0.8459759,0.33731464,-0.6570499,0.12743561
0.07023696,0.5632617,-0.35819444,-0.16094632,-0.56218565,-0.61722624,0.29078013,-0.2638318
0.092170194,0.32511652,-0.46861666,-0.11703179,-0.24944343,-0.11131984,0.048927993,-0.19657317
-0.103171535,0.1360785,0.10833314,0.1353356,-0.17630672,-0.09396076,-0.11508736,-0.17154597
0.018251916,0.30327073,-0.042523935,-0.12676871,-0.32647026,-0.2933628,-0.08774598,-0.17562416
-0.23803863,0.7937443,-0.5394857,0.10281392,-0.41651213,0.06770726,0.54521304,-0.7869301
-0.40598595,-0.6058463,0.1283693,-0.11617264,0.23227122,0.113991804,-0.24873114,0.04170529
0.017832598,1.1709957,-0.12941472,-0.38005206,-0.28531078,0.09639669,0.20930187,-0.36449024
-0.7238176,-0.7759884,0.17056441,0.15597682,1.3027794,0.6512723,-0.10934873,0.36901444
-0.189852,0.0008430504,-0.022188256,-0.4420392,-0.23686399,-0.41821754,-0.16494839,0.05535267
-0.08087805,0.421708,0.7479088,-0.35446975,0.15288971,-0.0876363,-0.3685127,0.24979846
-0.4827659,-0.11363869,-0.06263326,-0.6772088,-0.23557834,-0.2444106,-0.16725841,0.08369806
-1.874461,-2.268229,1.1761492,2.0353382,0.9174281,-0.8862142,-3.2325048,-0.49506262
-0.078893915,-0.5756959,0.4928705,0.5847428,0.44630754,-0.20067063,-0.736051,0.36285356
-0.063751444,0.48865962,-0.06514953,0.11325187,-0.38182727,-0.5366169,-0.017745804,-0.6865695
-0.78013885,-1.1093813,1.1497595,0.8894308,2.6288984,0.99536467,-0.88403624,1.6429152
0.22690432,0.31476882,0.07686333,-0.12567285,-0.10911143,-0.08201136,-0.3105188,-0.08529678
-0.10085725,0.35370377,-0.44453067,0.007809137,-0.3265918,-0.11518461,-0.02922877,-0.7408172
-0.05939132,0.046426617,-0.27548984,-0.14564714,-0.021986201,0.015324896,0.099406205,0.018163225
0.43323687,1.1191926,0.54410464,0.06389017,0.2782216,0.023701943,0.10901974,0.42173907
0.022449115,0.27154037,0.22639577,-0.33591878,0.10155821,-0.21749862,-0.26895088,-0.0034214677
-0.46653074,-0.19059367,0.4906771,0.21472792,1.2002329,0.8908326,-0.029384073,0.43177593
-0.1940428,0.10994335,0.6772649,-0.40435246,0.8025143,0.50427026,-0.23761421,0.3147039
-0.29968297,0.9576081,-0.40794596,-0.8365512,-0.59664685,-0.10373804,0.25703782,-0.42063054
-0.28857577,0.028402256,-0.24666013,-0.12807228,-0.2745666,0.056559287,-0.26598078,-0.2257568
-1.0258473,-0.7703753,0.599414,-1.2493159,1.7176299,0.011154702,0.16361186,0.9451156
0.2661769,1.6397109,-0.017080085,-0.056177877,-0.51242095,-0.09772745,0.5340793,-0.5919308
-0.529189,-0.90083605,0.7594546,0.508539,1.1788534,0.3964205,-0.43312567,0.92148525
-0.5513733,-0.9445183,0.5119408,0.62590295,1.149104,0.45361027,-0.4141056,0.6678368
-0.43555337,-0.4938903,-0.03920714,0.040958308,-0.001411105,-0.025901014,-0.38499296,-0.15229508
-0.3594613,-0.7291317,0.9357341,0.13288745,1.4147404,0.22972943,-0.6350115,0.8055361
0.14838153,-0.05668554,-0.42230546,0.20318685,-0.2476637,-0.77171224,-0.31565416,-0.37646085
-0.20679283,-0.8344367,-0.109906554,0.95980483,0.7690633,0.32468402,-0.08993516,0.25096074
0.6971252,2.6389644,1.2135223,-0.268842,0.3604426,-1.0666659,-0.91519177,-0.12020349
