model,accuracy,precision,recall,specificity,f1,tp,fp,tn,fn,false_negative_rate,roc_auc,pr_auc,method,feature_count,selected_features,classifier,training_time_s,inference_time_s,seed,qaoa_objective,qaoa_layers,qaoa_shots,qaoa_time_s,n_qubits
all_features_k16,0.9765,1.0,0.9623,1.0,0.9808,51,0,32,2,0.0377,0.9994,0.9997,all_features,16,"[0, 1, 2, 3, 4, 5, 6, 7, 8, 9, 10, 11, 12, 13, 14, 15]",SVM_RBF,0.039735,0.002936,42,,,,,
mutual_info_k2,0.9059,0.9787,0.8679,0.9688,0.92,46,1,31,7,0.1321,0.9923,0.9953,mutual_info,2,"[3, 8]",SVM_RBF,0.021568,0.00213,42,,,,,
mutual_info_k4,0.9412,0.98,0.9245,0.9688,0.9515,49,1,31,4,0.0755,0.9917,0.9949,mutual_info,4,"[3, 8, 12, 15]",SVM_RBF,0.022238,0.001992,42,,,,,
mutual_info_k6,0.9529,0.9804,0.9434,0.9688,0.9615,50,1,31,3,0.0566,0.9959,0.9976,mutual_info,6,"[3, 5, 8, 12, 13, 15]",SVM_RBF,0.022809,0.002257,42,,,,,
mutual_info_k8,0.9765,1.0,0.9623,1.0,0.9808,51,0,32,2,0.0377,1.0,1.0,mutual_info,8,"[2, 3, 5, 8, 10, 12, 13, 15]",SVM_RBF,0.024686,0.002446,42,,,,,
rfe_k2,0.9412,0.9444,0.9623,0.9062,0.9533,51,3,29,2,0.0377,0.9564,0.9694,rfe,2,"[3, 10]",SVM_RBF,0.025812,0.002722,42,,,,,
rfe_k4,0.9765,1.0,0.9623,1.0,0.9808,51,0,32,2,0.0377,0.9976,0.9986,rfe,4,"[3, 8, 10, 13]",SVM_RBF,0.020778,0.001987,42,,,,,
rfe_k6,0.9765,1.0,0.9623,1.0,0.9808,51,0,32,2,0.0377,1.0,1.0,rfe,6,"[2, 3, 8, 10, 12, 13]",SVM_RBF,0.021525,0.002202,42,,,,,
rfe_k8,0.9765,1.0,0.9623,1.0,0.9808,51,0,32,2,0.0377,0.9994,0.9997,rfe,8,"[2, 3, 4, 5, 8, 10, 12, 13]",SVM_RBF,0.02252,0.001952,42,,,,,
qaoa_k8,0.9765,0.9811,0.9811,0.9688,0.9811,52,1,31,1,0.0189,0.9988,0.9993,qaoa,8,"[2, 5, 7, 10, 11, 12, 13, 15]",SVM_RBF,0.028558,0.002556,42,2.7420649967093533,2.0,1024.0,1297.8868,16.0
